datetime,portfolio_value,cash,positions,return
2022-06-15 08:30:00-04:00,100000.0,100000.0,[],
2022-06-15 09:30:00-04:00,100000.0,100000.0,[],0.0
2022-06-15 09:30:00-04:00,100000.0,100000.0,[],0.0
2022-06-16 09:30:00-04:00,100000.0,100000.0,[],0.0
2022-06-17 09:30:00-04:00,100000.0,100000.0,[],0.0
2022-06-18 09:30:00-04:00,100000.0,100000.0,[],0.0
2022-06-18 09:29:00-04:00,100000.0,100000.0,[],0.0
2022-06-21 08:30:00-04:00,100000.0,100000.0,[],0.0
2022-06-21 09:30:00-04:00,100000.0,100000.0,[],0.0
2022-06-21 09:30:00-04:00,100000.0,100000.0,[],0.0
2022-06-22 09:30:00-04:00,100000.0,100000.0,[],0.0
2022-06-23 09:30:00-04:00,100000.0,100000.0,[],0.0
2022-06-24 09:30:00-04:00,100000.0,100000.0,[],0.0
2022-06-25 09:30:00-04:00,100000.0,100000.0,[],0.0
2022-06-25 09:29:00-04:00,100000.0,100000.0,[],0.0
2022-06-27 08:30:00-04:00,100000.0,100000.0,[],0.0
2022-06-27 09:30:00-04:00,100000.0,100000.0,[],0.0
2022-06-27 09:30:00-04:00,100000.0,100000.0,[],0.0
2022-06-28 09:30:00-04:00,100000.0,100000.0,[],0.0
2022-06-29 09:30:00-04:00,100000.0,100000.0,[],0.0
2022-06-30 09:30:00-04:00,100000.0,100000.0,[],0.0
2022-07-01 09:30:00-04:00,100000.0,100000.0,[],0.0
2022-07-02 09:30:00-04:00,100000.0,100000.0,[],0.0
2022-07-02 09:29:00-04:00,100000.0,100000.0,[],0.0
2022-07-05 08:30:00-04:00,100000.0,100000.0,[],0.0
2022-07-05 09:30:00-04:00,100000.0,100000.0,[],0.0
2022-07-05 09:30:00-04:00,100000.0,100000.0,[],0.0
2022-07-06 09:30:00-04:00,100000.0,100000.0,[],0.0
2022-07-07 09:30:00-04:00,100000.0,100000.0,[],0.0
2022-07-08 09:30:00-04:00,100000.0,100000.0,[],0.0
2022-07-09 09:30:00-04:00,100000.0,100000.0,[],0.0
2022-07-09 09:29:00-04:00,100000.0,100000.0,[],0.0
2022-07-11 08:30:00-04:00,100000.0,100000.0,[],0.0
2022-07-11 09:30:00-04:00,100000.0,100000.0,[],0.0
2022-07-11 09:30:00-04:00,100000.0,100000.0,[],0.0
2022-07-12 09:30:00-04:00,100000.0,100000.0,[],0.0
2022-07-13 09:30:00-04:00,100000.0,100000.0,[],0.0
2022-07-14 09:30:00-04:00,100000.0,100000.0,[],0.0
2022-07-15 09:30:00-04:00,100000.0,100000.0,[],0.0
2022-07-16 09:30:00-04:00,100000.0,100000.0,[],0.0
2022-07-16 09:29:00-04:00,100000.0,100000.0,[],0.0
2022-07-18 08:30:00-04:00,100000.0,100000.0,[],0.0
2022-07-18 09:30:00-04:00,100000.0,100000.0,[],0.0
2022-07-18 09:30:00-04:00,100000.0,100000.0,[],0.0
2022-07-19 09:30:00-04:00,100000.0,100000.0,[],0.0
2022-07-20 09:30:00-04:00,100000.0,100000.0,[],0.0
2022-07-21 09:30:00-04:00,100000.0,100000.0,[],0.0
2022-07-22 09:30:00-04:00,100000.0,100000.0,[],0.0
2022-07-23 09:30:00-04:00,100000.0,100000.0,[],0.0
2022-07-23 09:29:00-04:00,100000.0,100000.0,[],0.0
2022-07-25 08:30:00-04:00,100000.0,100000.0,[],0.0
2022-07-25 09:30:00-04:00,100000.0,100000.0,[],0.0
2022-07-25 09:30:00-04:00,100000.0,100000.0,[],0.0
2022-07-26 09:30:00-04:00,100000.0,100000.0,[],0.0
2022-07-27 09:30:00-04:00,100000.0,100000.0,[],0.0
2022-07-28 09:30:00-04:00,100000.0,100000.0,[],0.0
2022-07-29 09:30:00-04:00,100000.0,100000.0,[],0.0
2022-07-30 09:30:00-04:00,100000.0,100000.0,[],0.0
2022-07-30 09:29:00-04:00,100000.0,100000.0,[],0.0
2022-08-01 08:30:00-04:00,100000.0,100000.0,[],0.0
2022-08-01 09:30:00-04:00,100000.0,100000.0,[],0.0
2022-08-01 09:30:00-04:00,100000.0,100000.0,[],0.0
2022-08-02 09:30:00-04:00,100000.0,100000.0,[],0.0
2022-08-03 09:30:00-04:00,100000.0,100000.0,[],0.0
2022-08-04 09:30:00-04:00,100000.0,100000.0,[],0.0
2022-08-05 09:30:00-04:00,100000.0,100000.0,[],0.0
2022-08-06 09:30:00-04:00,100000.0,100000.0,[],0.0
2022-08-06 09:29:00-04:00,100000.0,100000.0,[],0.0
2022-08-08 08:30:00-04:00,100000.0,100000.0,[],0.0
2022-08-08 09:30:00-04:00,100000.0,100000.0,[],0.0
2022-08-08 09:30:00-04:00,100000.0,100000.0,[],0.0
2022-08-09 09:30:00-04:00,100000.0,100000.0,[],0.0
2022-08-10 09:30:00-04:00,100000.0,100000.0,[],0.0
2022-08-11 09:30:00-04:00,100000.0,100000.0,[],0.0
2022-08-12 09:30:00-04:00,100000.0,100000.0,[],0.0
2022-08-13 09:30:00-04:00,100000.0,100000.0,[],0.0
2022-08-13 09:29:00-04:00,100000.0,100000.0,[],0.0
2022-08-15 08:30:00-04:00,100000.0,100000.0,[],0.0
2022-08-15 09:30:00-04:00,100000.0,100000.0,[],0.0
2022-08-15 09:30:00-04:00,100000.0,100000.0,[],0.0
2022-08-16 09:30:00-04:00,100000.0,100000.0,[],0.0
2022-08-17 09:30:00-04:00,100000.0,100000.0,[],0.0
2022-08-18 09:30:00-04:00,100000.0,100000.0,[],0.0
2022-08-19 09:30:00-04:00,100000.0,100000.0,[],0.0
2022-08-20 09:30:00-04:00,100000.0,100000.0,[],0.0
2022-08-20 09:29:00-04:00,100000.0,100000.0,[],0.0
2022-08-22 08:30:00-04:00,100000.0,100000.0,[],0.0
2022-08-22 09:30:00-04:00,100000.0,100000.0,[],0.0
2022-08-22 09:30:00-04:00,100000.0,100000.0,[],0.0
2022-08-23 09:30:00-04:00,100000.0,100000.0,[],0.0
2022-08-24 09:30:00-04:00,100000.0,100000.0,[],0.0
2022-08-25 09:30:00-04:00,100000.0,100000.0,[],0.0
2022-08-26 09:30:00-04:00,100000.0,100000.0,[],0.0
2022-08-27 09:30:00-04:00,100000.0,100000.0,[],0.0
2022-08-27 09:29:00-04:00,100000.0,100000.0,[],0.0
2022-08-29 08:30:00-04:00,100000.0,100000.0,[],0.0
2022-08-29 09:30:00-04:00,100000.0,100000.0,[],0.0
2022-08-29 09:30:00-04:00,100000.0,100000.0,[],0.0
2022-08-30 09:30:00-04:00,100000.0,100000.0,[],0.0
2022-08-31 09:30:00-04:00,100000.0,100000.0,[],0.0
2022-09-01 09:30:00-04:00,100000.0,100000.0,[],0.0
2022-09-02 09:30:00-04:00,100000.0,100000.0,[],0.0
2022-09-03 09:30:00-04:00,100000.0,100000.0,[],0.0
2022-09-03 09:29:00-04:00,100000.0,100000.0,[],0.0
2022-09-06 08:30:00-04:00,100000.0,100000.0,[],0.0
2022-09-06 09:30:00-04:00,100000.0,100000.0,[],0.0
2022-09-06 09:30:00-04:00,100000.0,100000.0,[],0.0
2022-09-07 09:30:00-04:00,100000.0,100000.0,[],0.0
2022-09-08 09:30:00-04:00,100000.0,100000.0,[],0.0
2022-09-09 09:30:00-04:00,100000.0,100000.0,[],0.0
2022-09-10 09:30:00-04:00,100000.0,100000.0,[],0.0
2022-09-10 09:29:00-04:00,100000.0,100000.0,[],0.0
2022-09-12 08:30:00-04:00,100000.0,100000.0,[],0.0
2022-09-12 09:30:00-04:00,100000.0,100000.0,[],0.0
2022-09-12 09:30:00-04:00,100000.0,100000.0,[],0.0
2022-09-13 09:30:00-04:00,100000.0,100000.0,[],0.0
2022-09-14 09:30:00-04:00,100000.0,100000.0,[],0.0
2022-09-15 09:30:00-04:00,100000.0,100000.0,[],0.0
2022-09-16 09:30:00-04:00,100000.0,100000.0,[],0.0
2022-09-17 09:30:00-04:00,100000.0,100000.0,[],0.0
2022-09-17 09:29:00-04:00,100000.0,100000.0,[],0.0
2022-09-19 08:30:00-04:00,100000.0,100000.0,[],0.0
2022-09-19 09:30:00-04:00,100000.0,100000.0,[],0.0
2022-09-19 09:30:00-04:00,100000.0,100000.0,[],0.0
2022-09-20 09:30:00-04:00,100000.0,100000.0,[],0.0
2022-09-21 09:30:00-04:00,100000.0,100000.0,[],0.0
2022-09-22 09:30:00-04:00,100000.0,100000.0,[],0.0
2022-09-23 09:30:00-04:00,100000.0,100000.0,[],0.0
2022-09-24 09:30:00-04:00,100000.0,100000.0,[],0.0
2022-09-24 09:29:00-04:00,100000.0,100000.0,[],0.0
2022-09-26 08:30:00-04:00,100000.0,100000.0,[],0.0
2022-09-26 09:30:00-04:00,100000.0,100000.0,[],0.0
2022-09-26 09:30:00-04:00,100000.0,100000.0,[],0.0
2022-09-27 09:30:00-04:00,100000.0,100000.0,[],0.0
2022-09-28 09:30:00-04:00,100000.0,100000.0,[],0.0
2022-09-29 09:30:00-04:00,100000.0,100000.0,[],0.0
2022-09-30 09:30:00-04:00,100000.0,100000.0,[],0.0
2022-10-01 09:30:00-04:00,100000.0,100000.0,[],0.0
2022-10-01 09:29:00-04:00,100000.0,100000.0,[],0.0
2022-10-03 08:30:00-04:00,100000.0,100000.0,[],0.0
2022-10-03 09:30:00-04:00,100000.0,100000.0,[],0.0
2022-10-03 09:30:00-04:00,100000.0,100000.0,[],0.0
2022-10-04 09:30:00-04:00,100000.0,100000.0,[],0.0
2022-10-05 09:30:00-04:00,100000.0,100000.0,[],0.0
2022-10-06 09:30:00-04:00,100000.0,100000.0,[],0.0
2022-10-07 09:30:00-04:00,100000.0,100000.0,[],0.0
2022-10-08 09:30:00-04:00,100000.0,100000.0,[],0.0
2022-10-08 09:29:00-04:00,100000.0,100000.0,[],0.0
2022-10-10 08:30:00-04:00,100000.0,100000.0,[],0.0
2022-10-10 09:30:00-04:00,100000.0,100000.0,[],0.0
2022-10-10 09:30:00-04:00,100000.0,100000.0,[],0.0
2022-10-11 09:30:00-04:00,100000.0,100000.0,[],0.0
2022-10-12 09:30:00-04:00,100000.0,100000.0,[],0.0
2022-10-13 09:30:00-04:00,100000.0,100000.0,[],0.0
2022-10-14 09:30:00-04:00,100000.0,100000.0,[],0.0
2022-10-15 09:30:00-04:00,100000.0,100000.0,[],0.0
2022-10-15 09:29:00-04:00,100000.0,100000.0,[],0.0
2022-10-17 08:30:00-04:00,100000.0,100000.0,[],0.0
2022-10-17 09:30:00-04:00,100000.0,100000.0,[],0.0
2022-10-17 09:30:00-04:00,100000.0,100000.0,[],0.0
2022-10-18 09:30:00-04:00,100000.0,100000.0,[],0.0
2022-10-19 09:30:00-04:00,100000.0,100000.0,[],0.0
2022-10-20 09:30:00-04:00,100000.0,100000.0,[],0.0
2022-10-21 09:30:00-04:00,100000.0,100000.0,[],0.0
2022-10-22 09:30:00-04:00,100000.0,100000.0,[],0.0
2022-10-22 09:29:00-04:00,100000.0,100000.0,[],0.0
2022-10-24 08:30:00-04:00,100000.0,100000.0,[],0.0
2022-10-24 09:30:00-04:00,100000.0,100000.0,[],0.0
2022-10-24 09:30:00-04:00,100000.0,100000.0,[],0.0
2022-10-25 09:30:00-04:00,100000.0,100000.0,[],0.0
2022-10-26 09:30:00-04:00,100000.0,100000.0,[],0.0
2022-10-27 09:30:00-04:00,100000.0,100000.0,[],0.0
2022-10-28 09:30:00-04:00,100000.0,100000.0,[],0.0
2022-10-29 09:30:00-04:00,100000.0,100000.0,[],0.0
2022-10-29 09:29:00-04:00,100000.0,100000.0,[],0.0
2022-10-31 08:30:00-04:00,100000.0,100000.0,[],0.0
2022-10-31 09:30:00-04:00,100000.0,100000.0,[],0.0
2022-10-31 09:30:00-04:00,100000.0,100000.0,[],0.0
2022-11-01 09:30:00-04:00,100000.0,100000.0,[],0.0
2022-11-02 09:30:00-04:00,100000.0,100000.0,[],0.0
2022-11-03 09:30:00-04:00,100000.0,100000.0,[],0.0
2022-11-04 09:30:00-04:00,100000.0,100000.0,[],0.0
2022-11-05 09:30:00-04:00,100000.0,100000.0,[],0.0
2022-11-05 09:29:00-04:00,100000.0,100000.0,[],0.0
2022-11-07 08:30:00-05:00,100000.0,100000.0,[],0.0
2022-11-07 09:30:00-05:00,100000.0,100000.0,[],0.0
2022-11-07 09:30:00-05:00,100000.0,100000.0,[],0.0
2022-11-08 09:30:00-05:00,100000.0,100000.0,[],0.0
2022-11-09 09:30:00-05:00,101078.3984375,50083.1982421875,"[{'asset': GLD, 'quantity': 320.0}]",0.010783984374999944
2022-11-10 09:30:00-05:00,101926.396484375,50083.1982421875,"[{'asset': GLD, 'quantity': 320.0}]",0.00838950814401107
2022-11-11 09:30:00-05:00,102534.3994140625,50083.1982421875,"[{'asset': GLD, 'quantity': 320.0}]",0.005965117483386129
2022-11-12 09:30:00-05:00,102534.3994140625,50083.1982421875,"[{'asset': GLD, 'quantity': 320.0}]",0.0
2022-11-12 09:29:00-05:00,102534.3994140625,50083.1982421875,"[{'asset': GLD, 'quantity': 320.0}]",0.0
2022-11-14 08:30:00-05:00,102627.197265625,50083.1982421875,"[{'asset': GLD, 'quantity': 320.0}]",0.0009050411578239714
2022-11-14 09:30:00-05:00,102627.197265625,50083.1982421875,"[{'asset': GLD, 'quantity': 320.0}]",0.0
2022-11-14 09:30:00-05:00,102627.197265625,50083.1982421875,"[{'asset': GLD, 'quantity': 320.0}]",0.0
2022-11-15 09:30:00-05:00,102969.599609375,50083.1982421875,"[{'asset': GLD, 'quantity': 320.0}]",0.0033363704054372167
2022-11-16 09:30:00-05:00,103014.3994140625,50083.1982421875,"[{'asset': GLD, 'quantity': 320.0}]",0.00043507797308572904
2022-11-17 09:30:00-05:00,102495.99609375,50083.1982421875,"[{'asset': GLD, 'quantity': 320.0}]",-0.005032338423182958
2022-11-18 09:30:00-05:00,102364.7998046875,50083.1982421875,"[{'asset': GLD, 'quantity': 320.0}]",-0.0012800137962706293
2022-11-19 09:30:00-05:00,102364.7998046875,50083.1982421875,"[{'asset': GLD, 'quantity': 320.0}]",0.0
2022-11-19 09:29:00-05:00,102364.7998046875,50083.1982421875,"[{'asset': GLD, 'quantity': 320.0}]",0.0
2022-11-21 08:30:00-05:00,102063.9990234375,50083.1982421875,"[{'asset': GLD, 'quantity': 320.0}]",-0.002938517750476044
2022-11-21 09:30:00-05:00,102063.9990234375,50083.1982421875,"[{'asset': GLD, 'quantity': 320.0}]",0.0
2022-11-21 09:30:00-05:00,102063.9990234375,50083.1982421875,"[{'asset': GLD, 'quantity': 320.0}]",0.0
2022-11-22 09:30:00-05:00,102019.19921875,50083.1982421875,"[{'asset': GLD, 'quantity': 320.0}]",-0.0004389383633420785
2022-11-23 09:30:00-05:00,101823.9990234375,50083.1982421875,"[{'asset': GLD, 'quantity': 320.0}]",-0.0019133672564313198
2022-11-24 09:30:00-05:00,101823.9990234375,50083.1982421875,"[{'asset': GLD, 'quantity': 320.0}]",0.0
2022-11-24 09:29:00-05:00,101823.9990234375,50083.1982421875,"[{'asset': GLD, 'quantity': 320.0}]",0.0
2022-11-25 08:30:00-05:00,102195.2001953125,50083.1982421875,"[{'asset': GLD, 'quantity': 320.0}]",0.003645517514879293
2022-11-25 09:30:00-05:00,102195.2001953125,50083.1982421875,"[{'asset': GLD, 'quantity': 320.0}]",0.0
2022-11-25 09:30:00-05:00,102195.2001953125,50083.1982421875,"[{'asset': GLD, 'quantity': 320.0}]",0.0
2022-11-26 09:30:00-05:00,102195.2001953125,50083.1982421875,"[{'asset': GLD, 'quantity': 320.0}]",0.0
2022-11-26 09:29:00-05:00,102195.2001953125,50083.1982421875,"[{'asset': GLD, 'quantity': 320.0}]",0.0
2022-11-28 08:30:00-05:00,102220.7958984375,50083.1982421875,"[{'asset': GLD, 'quantity': 320.0}]",0.0002504589557639214
2022-11-28 09:30:00-05:00,102220.7958984375,50083.1982421875,"[{'asset': GLD, 'quantity': 320.0}]",0.0
2022-11-28 09:30:00-05:00,102220.7958984375,50083.1982421875,"[{'asset': GLD, 'quantity': 320.0}]",0.0
2022-11-29 09:30:00-05:00,102147.197265625,50083.1982421875,"[{'asset': GLD, 'quantity': 320.0}]",-0.0007199966715738526
2022-11-30 09:30:00-05:00,102463.9990234375,50083.1982421875,"[{'asset': GLD, 'quantity': 320.0}]",0.0031014238891811097
2022-12-01 09:30:00-05:00,103676.796875,50083.1982421875,"[{'asset': GLD, 'quantity': 320.0}]",0.01183633142490459
2022-12-02 09:30:00-05:00,103260.7958984375,50083.1982421875,"[{'asset': GLD, 'quantity': 320.0}]",-0.004012479060903629
2022-12-03 09:30:00-05:00,103260.7958984375,50083.1982421875,"[{'asset': GLD, 'quantity': 320.0}]",0.0
2022-12-03 09:29:00-05:00,103260.7958984375,50083.1982421875,"[{'asset': GLD, 'quantity': 320.0}]",0.0
2022-12-05 08:30:00-05:00,103379.19921875,50083.1982421875,"[{'asset': GLD, 'quantity': 320.0}]",0.0011466434989417795
2022-12-05 09:30:00-05:00,103379.19921875,50083.1982421875,"[{'asset': GLD, 'quantity': 320.0}]",0.0
2022-12-05 09:30:00-05:00,103379.19921875,50083.1982421875,"[{'asset': GLD, 'quantity': 320.0}]",0.0
2022-12-06 09:30:00-05:00,102947.197265625,50083.1982421875,"[{'asset': GLD, 'quantity': 320.0}]",-0.0041788092419915435
2022-12-07 09:30:00-05:00,103033.5986328125,50083.1982421875,"[{'asset': GLD, 'quantity': 320.0}]",0.000839278479476846
2022-12-08 09:30:00-05:00,103388.798828125,50083.1982421875,"[{'asset': GLD, 'quantity': 320.0}]",0.0034474210357182677
2022-12-09 09:30:00-05:00,103606.396484375,50083.1982421875,"[{'asset': GLD, 'quantity': 320.0}]",0.0021046540700384586
2022-12-10 09:30:00-05:00,103606.396484375,50083.1982421875,"[{'asset': GLD, 'quantity': 320.0}]",0.0
2022-12-10 09:29:00-05:00,103606.396484375,50083.1982421875,"[{'asset': GLD, 'quantity': 320.0}]",0.0
2022-12-12 08:30:00-05:00,103343.9990234375,50083.1982421875,"[{'asset': GLD, 'quantity': 320.0}]",-0.0025326376540570905
2022-12-12 09:30:00-05:00,103343.9990234375,50083.1982421875,"[{'asset': GLD, 'quantity': 320.0}]",0.0
2022-12-12 09:30:00-05:00,103343.9990234375,50083.1982421875,"[{'asset': GLD, 'quantity': 320.0}]",0.0
2022-12-13 09:30:00-05:00,104230.400390625,50083.1982421875,"[{'asset': GLD, 'quantity': 320.0}]",0.00857719244042876
2022-12-14 09:30:00-05:00,103980.7958984375,50083.1982421875,"[{'asset': GLD, 'quantity': 320.0}]",-0.0023947379195710106
2022-12-15 09:30:00-05:00,103116.796875,50083.1982421875,"[{'asset': GLD, 'quantity': 320.0}]",-0.008309217254707346
2022-12-16 09:30:00-05:00,103209.599609375,50083.1982421875,"[{'asset': GLD, 'quantity': 320.0}]",0.0008999768921011952
2022-12-17 09:30:00-05:00,103209.599609375,50083.1982421875,"[{'asset': GLD, 'quantity': 320.0}]",0.0
2022-12-17 09:29:00-05:00,103209.599609375,50083.1982421875,"[{'asset': GLD, 'quantity': 320.0}]",0.0
2022-12-19 08:30:00-05:00,103430.400390625,50083.1982421875,"[{'asset': GLD, 'quantity': 320.0}]",0.002139343453377185
2022-12-19 09:30:00-05:00,103430.400390625,50083.1982421875,"[{'asset': GLD, 'quantity': 320.0}]",0.0
2022-12-19 09:30:00-05:00,103430.400390625,50083.1982421875,"[{'asset': GLD, 'quantity': 320.0}]",0.0
2022-12-20 09:30:00-05:00,103875.2001953125,50083.1982421875,"[{'asset': GLD, 'quantity': 320.0}]",0.004300474551076183
2022-12-21 09:30:00-05:00,104175.99609375,50083.1982421875,"[{'asset': GLD, 'quantity': 320.0}]",0.002895743140537199
2022-12-22 09:30:00-05:00,103766.396484375,50083.1982421875,"[{'asset': GLD, 'quantity': 320.0}]",-0.00393180410779459
2022-12-23 09:30:00-05:00,103484.7998046875,50083.1982421875,"[{'asset': GLD, 'quantity': 320.0}]",-0.0027137559867939087
2022-12-24 09:30:00-05:00,103484.7998046875,50083.1982421875,"[{'asset': GLD, 'quantity': 320.0}]",0.0
2022-12-24 09:29:00-05:00,103484.7998046875,50083.1982421875,"[{'asset': GLD, 'quantity': 320.0}]",0.0
2022-12-27 08:30:00-05:00,103807.998046875,50083.1982421875,"[{'asset': GLD, 'quantity': 320.0}]",0.0031231470012744733
2022-12-27 09:30:00-05:00,103807.998046875,50083.1982421875,"[{'asset': GLD, 'quantity': 320.0}]",0.0
2022-12-27 09:30:00-05:00,103807.998046875,50083.1982421875,"[{'asset': GLD, 'quantity': 320.0}]",0.0
2022-12-28 09:30:00-05:00,103859.19921875,50083.1982421875,"[{'asset': GLD, 'quantity': 320.0}]",0.0004932295472250825
2022-12-29 09:30:00-05:00,104015.99609375,50083.1982421875,"[{'asset': GLD, 'quantity': 320.0}]",0.0015097061808626577
2022-12-30 09:30:00-05:00,104246.396484375,50083.1982421875,"[{'asset': GLD, 'quantity': 320.0}]",0.0022150476780258277
2022-12-31 09:30:00-05:00,104246.396484375,50083.1982421875,"[{'asset': GLD, 'quantity': 320.0}]",0.0
2022-12-31 09:29:00-05:00,104246.396484375,50083.1982421875,"[{'asset': GLD, 'quantity': 320.0}]",0.0
2023-01-03 08:30:00-05:00,104905.6005859375,50083.1982421875,"[{'asset': GLD, 'quantity': 320.0}]",0.006323519313795156
2023-01-03 09:30:00-05:00,104905.6005859375,50083.1982421875,"[{'asset': GLD, 'quantity': 320.0}]",0.0
2023-01-03 09:30:00-05:00,104905.6005859375,50083.1982421875,"[{'asset': GLD, 'quantity': 320.0}]",0.0
2023-01-04 09:30:00-05:00,105398.3984375,50083.1982421875,"[{'asset': GLD, 'quantity': 320.0}]",0.0046975361545049665
2023-01-05 09:30:00-05:00,104745.6005859375,50083.1982421875,"[{'asset': GLD, 'quantity': 320.0}]",-0.00619362211608554
2023-01-06 09:30:00-05:00,105046.396484375,50083.1982421875,"[{'asset': GLD, 'quantity': 320.0}]",0.002871680497843032
2023-01-07 09:30:00-05:00,105046.396484375,50083.1982421875,"[{'asset': GLD, 'quantity': 320.0}]",0.0
2023-01-07 09:29:00-05:00,105046.396484375,50083.1982421875,"[{'asset': GLD, 'quantity': 320.0}]",0.0
2023-01-09 08:30:00-05:00,105926.396484375,50083.1982421875,"[{'asset': GLD, 'quantity': 320.0}]",0.008377250714458384
2023-01-09 09:30:00-05:00,105926.396484375,50083.1982421875,"[{'asset': GLD, 'quantity': 320.0}]",0.0
2023-01-09 09:30:00-05:00,105926.396484375,50083.1982421875,"[{'asset': GLD, 'quantity': 320.0}]",0.0
2023-01-10 09:30:00-05:00,105958.3984375,50083.1982421875,"[{'asset': GLD, 'quantity': 320.0}]",0.00030211499859444935
2023-01-11 09:30:00-05:00,106006.396484375,50083.1982421875,"[{'asset': GLD, 'quantity': 320.0}]",0.00045298954667871705
2023-01-12 09:30:00-05:00,106406.396484375,50083.1982421875,"[{'asset': GLD, 'quantity': 320.0}]",0.0037733572054678977
2023-01-13 09:30:00-05:00,106710.400390625,50083.1982421875,"[{'asset': GLD, 'quantity': 320.0}]",0.0028570078143248523
2023-01-14 09:30:00-05:00,106710.400390625,50083.1982421875,"[{'asset': GLD, 'quantity': 320.0}]",0.0
2023-01-14 09:29:00-05:00,106710.400390625,50083.1982421875,"[{'asset': GLD, 'quantity': 320.0}]",0.0
2023-01-17 08:30:00-05:00,107110.400390625,50083.1982421875,"[{'asset': GLD, 'quantity': 320.0}]",0.0037484631163950954
2023-01-17 09:30:00-05:00,107110.400390625,50083.1982421875,"[{'asset': GLD, 'quantity': 320.0}]",0.0
2023-01-17 09:30:00-05:00,107110.400390625,50083.1982421875,"[{'asset': GLD, 'quantity': 320.0}]",0.0
2023-01-18 09:30:00-05:00,107337.59765625,50083.1982421875,"[{'asset': GLD, 'quantity': 320.0}]",0.0021211503719194003
2023-01-19 09:30:00-05:00,107161.5966796875,50083.1982421875,"[{'asset': GLD, 'quantity': 320.0}]",-0.0016396955065656194
2023-01-20 09:30:00-05:00,107382.3974609375,50083.1982421875,"[{'asset': GLD, 'quantity': 320.0}]",0.0020604469146721094
2023-01-21 09:30:00-05:00,107382.3974609375,50083.1982421875,"[{'asset': GLD, 'quantity': 320.0}]",0.0
2023-01-21 09:29:00-05:00,107382.3974609375,50083.1982421875,"[{'asset': GLD, 'quantity': 320.0}]",0.0
2023-01-23 08:30:00-05:00,107155.2001953125,50083.1982421875,"[{'asset': GLD, 'quantity': 320.0}]",-0.002115777548248987
2023-01-23 09:30:00-05:00,107155.2001953125,50083.1982421875,"[{'asset': GLD, 'quantity': 320.0}]",0.0
2023-01-23 09:30:00-05:00,107155.2001953125,50083.1982421875,"[{'asset': GLD, 'quantity': 320.0}]",0.0
2023-01-24 09:30:00-05:00,107542.3974609375,50083.1982421875,"[{'asset': GLD, 'quantity': 320.0}]",0.00361342487270111
2023-01-25 09:30:00-05:00,107475.2001953125,50083.1982421875,"[{'asset': GLD, 'quantity': 320.0}]",-0.0006248444075221959
2023-01-26 09:30:00-05:00,107731.1962890625,50083.1982421875,"[{'asset': GLD, 'quantity': 320.0}]",0.002381908508053865
2023-01-27 09:30:00-05:00,107449.599609375,50083.1982421875,"[{'asset': GLD, 'quantity': 320.0}]",-0.0026138824164908536
2023-01-28 09:30:00-05:00,107449.599609375,50083.1982421875,"[{'asset': GLD, 'quantity': 320.0}]",0.0
2023-01-28 09:29:00-05:00,107449.599609375,50083.1982421875,"[{'asset': GLD, 'quantity': 320.0}]",0.0
2023-01-30 08:30:00-05:00,107455.99609375,50083.1982421875,"[{'asset': GLD, 'quantity': 320.0}]",5.953009037029666e-05
2023-01-30 09:30:00-05:00,107455.99609375,50083.1982421875,"[{'asset': GLD, 'quantity': 320.0}]",0.0
2023-01-30 09:30:00-05:00,107455.99609375,50083.1982421875,"[{'asset': GLD, 'quantity': 320.0}]",0.0
2023-01-31 09:30:00-05:00,107305.6005859375,50083.1982421875,"[{'asset': GLD, 'quantity': 320.0}]",-0.001399600890408137
2023-02-01 09:30:00-05:00,107603.1982421875,50083.1982421875,"[{'asset': GLD, 'quantity': 320.0}]",0.0027733655524500023
2023-02-02 09:30:00-05:00,108028.798828125,50083.1982421875,"[{'asset': GLD, 'quantity': 320.0}]",0.003955278215612035
2023-02-03 09:30:00-05:00,106057.59765625,50083.1982421875,"[{'asset': GLD, 'quantity': 320.0}]",-0.018246997034662926
2023-02-04 09:30:00-05:00,106057.59765625,50083.1982421875,"[{'asset': GLD, 'quantity': 320.0}]",0.0
2023-02-04 09:29:00-05:00,106057.59765625,50083.1982421875,"[{'asset': GLD, 'quantity': 320.0}]",0.0
2023-02-06 08:30:00-05:00,105798.3984375,50083.1982421875,"[{'asset': GLD, 'quantity': 320.0}]",-0.0024439476706809016
2023-02-06 09:30:00-05:00,105798.3984375,50083.1982421875,"[{'asset': GLD, 'quantity': 320.0}]",0.0
2023-02-06 09:30:00-05:00,105798.3984375,50083.1982421875,"[{'asset': GLD, 'quantity': 320.0}]",0.0
2023-02-07 09:30:00-05:00,105673.5986328125,50083.1982421875,"[{'asset': GLD, 'quantity': 320.0}]",-0.001179600131293368
2023-02-08 09:30:00-05:00,106063.9990234375,50083.1982421875,"[{'asset': GLD, 'quantity': 320.0}]",0.0036943985600559337
2023-02-09 09:30:00-05:00,106240.0,50083.1982421875,"[{'asset': GLD, 'quantity': 320.0}]",0.0016593846939865209
2023-02-10 09:30:00-05:00,105644.7998046875,50083.1982421875,"[{'asset': GLD, 'quantity': 320.0}]",-0.005602411476962499
2023-02-11 09:30:00-05:00,105644.7998046875,50083.1982421875,"[{'asset': GLD, 'quantity': 320.0}]",0.0
2023-02-11 09:29:00-05:00,105644.7998046875,50083.1982421875,"[{'asset': GLD, 'quantity': 320.0}]",0.0
2023-02-13 08:30:00-05:00,105347.197265625,50083.1982421875,"[{'asset': GLD, 'quantity': 320.0}]",-0.0028170107720654203
2023-02-13 09:30:00-05:00,105347.197265625,50083.1982421875,"[{'asset': GLD, 'quantity': 320.0}]",0.0
2023-02-13 09:30:00-05:00,105347.197265625,50083.1982421875,"[{'asset': GLD, 'quantity': 320.0}]",0.0
2023-02-14 09:30:00-05:00,105113.5986328125,50083.1982421875,"[{'asset': GLD, 'quantity': 320.0}]",-0.002217416683839235
2023-02-15 09:30:00-05:00,104675.2001953125,50083.1982421875,"[{'asset': GLD, 'quantity': 320.0}]",-0.004170710956547419
2023-02-16 09:30:00-05:00,104591.9970703125,50083.1982421875,"[{'asset': GLD, 'quantity': 320.0}]",-0.0007948695091555269
2023-02-17 09:30:00-05:00,104441.5966796875,50083.1982421875,"[{'asset': GLD, 'quantity': 320.0}]",-0.001437972262102405
2023-02-18 09:30:00-05:00,104441.5966796875,50083.1982421875,"[{'asset': GLD, 'quantity': 320.0}]",0.0
2023-02-18 09:29:00-05:00,104441.5966796875,50083.1982421875,"[{'asset': GLD, 'quantity': 320.0}]",0.0
2023-02-21 08:30:00-05:00,104867.197265625,50083.1982421875,"[{'asset': GLD, 'quantity': 320.0}]",0.004075010335611529
2023-02-21 09:30:00-05:00,104867.197265625,50083.1982421875,"[{'asset': GLD, 'quantity': 320.0}]",0.0
2023-02-21 09:30:00-05:00,104867.197265625,50083.1982421875,"[{'asset': GLD, 'quantity': 320.0}]",0.0
2023-02-22 09:30:00-05:00,104742.3974609375,50083.1982421875,"[{'asset': GLD, 'quantity': 320.0}]",-0.0011900747606650164
2023-02-23 09:30:00-05:00,104431.9970703125,50083.1982421875,"[{'asset': GLD, 'quantity': 320.0}]",-0.002963464634660129
2023-02-24 09:30:00-05:00,103977.59765625,50083.1982421875,"[{'asset': GLD, 'quantity': 320.0}]",-0.004351151244925022
2023-02-25 09:30:00-05:00,103977.59765625,50083.1982421875,"[{'asset': GLD, 'quantity': 320.0}]",0.0
2023-02-25 09:29:00-05:00,103977.59765625,50083.1982421875,"[{'asset': GLD, 'quantity': 320.0}]",0.0
2023-02-27 08:30:00-05:00,104124.7998046875,50083.1982421875,"[{'asset': GLD, 'quantity': 320.0}]",0.0014157102275449418
2023-02-27 09:30:00-05:00,104124.7998046875,50083.1982421875,"[{'asset': GLD, 'quantity': 320.0}]",0.0
2023-02-27 09:30:00-05:00,104124.7998046875,50083.1982421875,"[{'asset': GLD, 'quantity': 320.0}]",0.0
2023-02-28 09:30:00-05:00,104092.7978515625,50083.1982421875,"[{'asset': GLD, 'quantity': 320.0}]",-0.00030734227758444366
2023-03-01 09:30:00-05:00,104787.197265625,50083.1982421875,"[{'asset': GLD, 'quantity': 320.0}]",0.006670965027308906
2023-03-02 09:30:00-05:00,104649.599609375,50083.1982421875,"[{'asset': GLD, 'quantity': 320.0}]",-0.0013131151499472526
2023-03-03 09:30:00-05:00,104947.197265625,50083.1982421875,"[{'asset': GLD, 'quantity': 320.0}]",0.0028437534148324506
2023-03-04 09:30:00-05:00,104947.197265625,50083.1982421875,"[{'asset': GLD, 'quantity': 320.0}]",0.0
2023-03-04 09:29:00-05:00,104947.197265625,50083.1982421875,"[{'asset': GLD, 'quantity': 320.0}]",0.0
2023-03-06 08:30:00-05:00,105225.6005859375,50083.1982421875,"[{'asset': GLD, 'quantity': 320.0}]",0.00265279423906728
2023-03-06 09:30:00-05:00,105225.6005859375,50083.1982421875,"[{'asset': GLD, 'quantity': 320.0}]",0.0
2023-03-06 09:30:00-05:00,105225.6005859375,50083.1982421875,"[{'asset': GLD, 'quantity': 320.0}]",0.0
2023-03-07 09:30:00-05:00,104617.59765625,50083.1982421875,"[{'asset': GLD, 'quantity': 320.0}]",-0.005778089422173838
2023-03-08 09:30:00-05:00,104038.3984375,50083.1982421875,"[{'asset': GLD, 'quantity': 320.0}]",-0.005536346004169523
2023-03-09 09:30:00-05:00,104403.1982421875,50083.1982421875,"[{'asset': GLD, 'quantity': 320.0}]",0.0035063958131444917
2023-03-10 09:30:00-05:00,105100.7958984375,50083.1982421875,"[{'asset': GLD, 'quantity': 320.0}]",0.006681765194891387
2023-03-11 09:30:00-05:00,105100.7958984375,50083.1982421875,"[{'asset': GLD, 'quantity': 320.0}]",0.0
2023-03-11 09:29:00-05:00,105100.7958984375,50083.1982421875,"[{'asset': GLD, 'quantity': 320.0}]",0.0
2023-03-13 08:30:00-04:00,106614.3994140625,50083.1982421875,"[{'asset': GLD, 'quantity': 320.0}]",0.01440144675105648
2023-03-13 09:30:00-04:00,106614.3994140625,50083.1982421875,"[{'asset': GLD, 'quantity': 320.0}]",0.0
2023-03-13 09:30:00-04:00,106614.3994140625,50083.1982421875,"[{'asset': GLD, 'quantity': 320.0}]",0.0
2023-03-14 09:30:00-04:00,106835.2001953125,50083.1982421875,"[{'asset': GLD, 'quantity': 320.0}]",0.002071022136442169
2023-03-15 09:30:00-04:00,107048.10942077637,81828.8493347168,"[{'asset': GLD, 'quantity': 141.0}]",0.0019928752421920493
2023-03-16 09:30:00-04:00,107139.75856018066,81828.8493347168,"[{'asset': GLD, 'quantity': 141.0}]",0.0008561490707328367
2023-03-17 09:30:00-04:00,107352.66993713379,81828.8493347168,"[{'asset': GLD, 'quantity': 141.0}]",0.0019872303224719445
2023-03-18 09:30:00-04:00,107352.66993713379,81828.8493347168,"[{'asset': GLD, 'quantity': 141.0}]",0.0
2023-03-18 09:29:00-04:00,107352.66993713379,81828.8493347168,"[{'asset': GLD, 'quantity': 141.0}]",0.0
2023-03-20 08:30:00-04:00,107799.63967895508,81828.8493347168,"[{'asset': GLD, 'quantity': 141.0}]",0.004163564279146881
2023-03-20 09:30:00-04:00,107799.63967895508,81828.8493347168,"[{'asset': GLD, 'quantity': 141.0}]",0.0
2023-03-20 09:30:00-04:00,107799.63967895508,81828.8493347168,"[{'asset': GLD, 'quantity': 141.0}]",0.0
2023-03-21 09:30:00-04:00,107582.4984741211,81828.8493347168,"[{'asset': GLD, 'quantity': 141.0}]",-0.002014303623654623
2023-03-22 09:30:00-04:00,107265.2484741211,81828.8493347168,"[{'asset': GLD, 'quantity': 141.0}]",-0.002948899723464904
2023-03-23 09:30:00-04:00,107760.15985107422,81828.8493347168,"[{'asset': GLD, 'quantity': 141.0}]",0.004613902302874173
2023-03-24 09:30:00-04:00,107999.85942077637,81828.8493347168,"[{'asset': GLD, 'quantity': 141.0}]",0.002224380235083423
2023-03-25 09:30:00-04:00,107999.85942077637,81828.8493347168,"[{'asset': GLD, 'quantity': 141.0}]",0.0
2023-03-25 09:29:00-04:00,107999.85942077637,81828.8493347168,"[{'asset': GLD, 'quantity': 141.0}]",0.0
2023-03-27 08:30:00-04:00,107370.9984741211,81828.8493347168,"[{'asset': GLD, 'quantity': 141.0}]",-0.0058227941223994995
2023-03-27 09:30:00-04:00,107370.9984741211,81828.8493347168,"[{'asset': GLD, 'quantity': 141.0}]",0.0
2023-03-27 09:30:00-04:00,107370.9984741211,81828.8493347168,"[{'asset': GLD, 'quantity': 141.0}]",0.0
2023-03-28 09:30:00-04:00,107534.55899047852,81828.8493347168,"[{'asset': GLD, 'quantity': 141.0}]",0.0015233211824592363
2023-03-29 09:30:00-04:00,107559.94010925293,81828.8493347168,"[{'asset': GLD, 'quantity': 141.0}]",0.0002360275525625788
2023-03-30 09:30:00-04:00,107596.5993347168,81828.8493347168,"[{'asset': GLD, 'quantity': 141.0}]",0.00034082601223683895
2023-03-31 09:30:00-04:00,107788.35942077637,81828.8493347168,"[{'asset': GLD, 'quantity': 141.0}]",0.0017822132599472074
2023-04-01 09:30:00-04:00,107788.35942077637,81828.8493347168,"[{'asset': GLD, 'quantity': 141.0}]",0.0
2023-04-01 09:29:00-04:00,107788.35942077637,81828.8493347168,"[{'asset': GLD, 'quantity': 141.0}]",0.0
2023-04-03 08:30:00-04:00,107751.7001953125,81828.8493347168,"[{'asset': GLD, 'quantity': 141.0}]",-0.0003401037520271988
2023-04-03 09:30:00-04:00,107751.7001953125,81828.8493347168,"[{'asset': GLD, 'quantity': 141.0}]",0.0
2023-04-03 09:30:00-04:00,107751.7001953125,81828.8493347168,"[{'asset': GLD, 'quantity': 141.0}]",0.0
2023-04-04 09:30:00-04:00,107874.36950683594,81828.8493347168,"[{'asset': GLD, 'quantity': 141.0}]",0.0011384443243223075
2023-04-05 09:30:00-04:00,108384.78881835938,81828.8493347168,"[{'asset': GLD, 'quantity': 141.0}]",0.004731608758010708
2023-04-06 09:30:00-04:00,108180.33924865723,81828.8493347168,"[{'asset': GLD, 'quantity': 141.0}]",-0.0018863308396972478
2023-04-07 09:30:00-04:00,108180.33924865723,81828.8493347168,"[{'asset': GLD, 'quantity': 141.0}]",0.0
2023-04-07 09:29:00-04:00,108180.33924865723,81828.8493347168,"[{'asset': GLD, 'quantity': 141.0}]",0.0
2023-04-10 08:30:00-04:00,107939.22830200195,81828.8493347168,"[{'asset': GLD, 'quantity': 141.0}]",-0.0022287871190814768
2023-04-10 09:30:00-04:00,107939.22830200195,81828.8493347168,"[{'asset': GLD, 'quantity': 141.0}]",0.0
2023-04-10 09:30:00-04:00,107939.22830200195,81828.8493347168,"[{'asset': GLD, 'quantity': 141.0}]",0.0
2023-04-11 09:30:00-04:00,108042.15985107422,81828.8493347168,"[{'asset': GLD, 'quantity': 141.0}]",0.0009536064940567357
2023-04-12 09:30:00-04:00,108271.98838806152,81828.8493347168,"[{'asset': GLD, 'quantity': 141.0}]",0.0021272116116903828
2023-04-13 09:30:00-04:00,108585.00856018066,81828.8493347168,"[{'asset': GLD, 'quantity': 141.0}]",0.002891054064669385
2023-04-14 09:30:00-04:00,108348.12959289551,81828.8493347168,"[{'asset': GLD, 'quantity': 141.0}]",-0.002181507101451041
2023-04-15 09:30:00-04:00,108348.12959289551,81828.8493347168,"[{'asset': GLD, 'quantity': 141.0}]",0.0
2023-04-15 09:29:00-04:00,108348.12959289551,81828.8493347168,"[{'asset': GLD, 'quantity': 141.0}]",0.0
2023-04-17 08:30:00-04:00,108039.33924865723,81828.8493347168,"[{'asset': GLD, 'quantity': 141.0}]",-0.002849983155210123
2023-04-17 09:30:00-04:00,108039.33924865723,81828.8493347168,"[{'asset': GLD, 'quantity': 141.0}]",0.0
2023-04-17 09:30:00-04:00,108039.33924865723,81828.8493347168,"[{'asset': GLD, 'quantity': 141.0}]",0.0
2023-04-18 09:30:00-04:00,107947.69010925293,81828.8493347168,"[{'asset': GLD, 'quantity': 141.0}]",-0.0008482941495353558
2023-04-19 09:30:00-04:00,107822.2001953125,81828.8493347168,"[{'asset': GLD, 'quantity': 141.0}]",-0.0011625067086977747
2023-04-20 09:30:00-04:00,108074.58924865723,81828.8493347168,"[{'asset': GLD, 'quantity': 141.0}]",0.0023407893076521358
2023-04-21 09:30:00-04:00,107911.0287322998,81828.8493347168,"[{'asset': GLD, 'quantity': 141.0}]",-0.0015134040063858878
2023-04-22 09:30:00-04:00,107911.0287322998,81828.8493347168,"[{'asset': GLD, 'quantity': 141.0}]",0.0
2023-04-22 09:29:00-04:00,107911.0287322998,81828.8493347168,"[{'asset': GLD, 'quantity': 141.0}]",0.0
2023-04-24 08:30:00-04:00,107782.72036743164,81828.8493347168,"[{'asset': GLD, 'quantity': 141.0}]",-0.0011890199396251688
2023-04-24 09:30:00-04:00,107782.72036743164,81828.8493347168,"[{'asset': GLD, 'quantity': 141.0}]",0.0
2023-04-24 09:30:00-04:00,107782.72036743164,81828.8493347168,"[{'asset': GLD, 'quantity': 141.0}]",0.0
2023-04-25 09:30:00-04:00,107891.28881835938,81828.8493347168,"[{'asset': GLD, 'quantity': 141.0}]",0.001007289949238821
2023-04-26 09:30:00-04:00,108143.68002319336,81828.8493347168,"[{'asset': GLD, 'quantity': 141.0}]",0.002339310315023546
2023-04-27 09:30:00-04:00,107758.7484741211,81828.8493347168,"[{'asset': GLD, 'quantity': 141.0}]",-0.0035594456281653475
2023-04-28 09:30:00-04:00,107884.23838806152,81828.8493347168,"[{'asset': GLD, 'quantity': 141.0}]",0.001164545020403196
2023-04-29 09:30:00-04:00,107884.23838806152,81828.8493347168,"[{'asset': GLD, 'quantity': 141.0}]",0.0
2023-04-29 09:29:00-04:00,107884.23838806152,81828.8493347168,"[{'asset': GLD, 'quantity': 141.0}]",0.0
2023-05-01 08:30:00-04:00,108061.89976501465,81828.8493347168,"[{'asset': GLD, 'quantity': 141.0}]",0.0016467778760607121
2023-05-01 09:30:00-04:00,108061.89976501465,81828.8493347168,"[{'asset': GLD, 'quantity': 141.0}]",0.0
2023-05-01 09:30:00-04:00,108061.89976501465,81828.8493347168,"[{'asset': GLD, 'quantity': 141.0}]",0.0
2023-05-02 09:30:00-04:00,107864.4984741211,81828.8493347168,"[{'asset': GLD, 'quantity': 141.0}]",-0.001826742740251741
2023-05-03 09:30:00-04:00,108281.85942077637,81828.8493347168,"[{'asset': GLD, 'quantity': 141.0}]",0.003869307812666589
2023-05-04 09:30:00-04:00,108458.10942077637,81828.8493347168,"[{'asset': GLD, 'quantity': 141.0}]",0.001627696466820927
2023-05-05 09:30:00-04:00,108133.80899047852,81828.8493347168,"[{'asset': GLD, 'quantity': 141.0}]",-0.0029900985000548275
2023-05-06 09:30:00-04:00,108133.80899047852,81828.8493347168,"[{'asset': GLD, 'quantity': 141.0}]",0.0
2023-05-06 09:29:00-04:00,108133.80899047852,81828.8493347168,"[{'asset': GLD, 'quantity': 141.0}]",0.0
2023-05-08 08:30:00-04:00,108311.47036743164,81828.8493347168,"[{'asset': GLD, 'quantity': 141.0}]",0.0016429771466643928
2023-05-08 09:30:00-04:00,108311.47036743164,81828.8493347168,"[{'asset': GLD, 'quantity': 141.0}]",0.0
2023-05-08 09:30:00-04:00,108311.47036743164,81828.8493347168,"[{'asset': GLD, 'quantity': 141.0}]",0.0
2023-05-09 09:30:00-04:00,108353.76864624023,81828.8493347168,"[{'asset': GLD, 'quantity': 141.0}]",0.0003905244630610927
2023-05-10 09:30:00-04:00,108475.0287322998,81828.8493347168,"[{'asset': GLD, 'quantity': 141.0}]",0.0011191127689842428
2023-05-11 09:30:00-04:00,108398.88967895508,81828.8493347168,"[{'asset': GLD, 'quantity': 141.0}]",-0.0007019039702919061
2023-05-12 09:30:00-04:00,108256.47830200195,81828.8493347168,"[{'asset': GLD, 'quantity': 141.0}]",-0.0013137715466912114
2023-05-13 09:30:00-04:00,108256.47830200195,81828.8493347168,"[{'asset': GLD, 'quantity': 141.0}]",0.0
2023-05-13 09:29:00-04:00,108256.47830200195,81828.8493347168,"[{'asset': GLD, 'quantity': 141.0}]",0.0
2023-05-15 08:30:00-04:00,108238.14976501465,81828.8493347168,"[{'asset': GLD, 'quantity': 141.0}]",-0.0001693066066326132
2023-05-15 09:30:00-04:00,108238.14976501465,81828.8493347168,"[{'asset': GLD, 'quantity': 141.0}]",0.0
2023-05-15 09:30:00-04:00,108238.14976501465,81828.8493347168,"[{'asset': GLD, 'quantity': 141.0}]",0.0
2023-05-16 09:30:00-04:00,108136.62959289551,81828.8493347168,"[{'asset': GLD, 'quantity': 141.0}]",-0.0009379333658191547
2023-05-17 09:30:00-04:00,107816.55899047852,81828.8493347168,"[{'asset': GLD, 'quantity': 141.0}]",-0.0029598721878235645
2023-05-18 09:30:00-04:00,107504.9501953125,81828.8493347168,"[{'asset': GLD, 'quantity': 141.0}]",-0.0028901756658133992
2023-05-19 09:30:00-04:00,107526.0993347168,81828.8493347168,"[{'asset': GLD, 'quantity': 141.0}]",0.00019672712154994443
2023-05-20 09:30:00-04:00,107526.0993347168,81828.8493347168,"[{'asset': GLD, 'quantity': 141.0}]",0.0
2023-05-20 09:29:00-04:00,107526.0993347168,81828.8493347168,"[{'asset': GLD, 'quantity': 141.0}]",0.0
2023-05-22 08:30:00-04:00,107662.86950683594,81828.8493347168,"[{'asset': GLD, 'quantity': 141.0}]",0.001271971855813181
2023-05-22 09:30:00-04:00,107662.86950683594,81828.8493347168,"[{'asset': GLD, 'quantity': 141.0}]",0.0
2023-05-22 09:30:00-04:00,107662.86950683594,81828.8493347168,"[{'asset': GLD, 'quantity': 141.0}]",0.0
2023-05-23 09:30:00-04:00,107600.82916259766,81828.8493347168,"[{'asset': GLD, 'quantity': 141.0}]",-0.0005762464303846748
2023-05-24 09:30:00-04:00,107707.98838806152,81828.8493347168,"[{'asset': GLD, 'quantity': 141.0}]",0.0009958959080318408
2023-05-25 09:30:00-04:00,107375.22830200195,81828.8493347168,"[{'asset': GLD, 'quantity': 141.0}]",-0.0030894652387404298
2023-05-26 09:30:00-04:00,107351.25856018066,81828.8493347168,"[{'asset': GLD, 'quantity': 141.0}]",-0.000223233442203985
2023-05-27 09:30:00-04:00,107351.25856018066,81828.8493347168,"[{'asset': GLD, 'quantity': 141.0}]",0.0
2023-05-27 09:29:00-04:00,107351.25856018066,81828.8493347168,"[{'asset': GLD, 'quantity': 141.0}]",0.0
2023-05-30 08:30:00-04:00,107451.36950683594,81828.8493347168,"[{'asset': GLD, 'quantity': 141.0}]",0.0009325549415812873
2023-05-30 09:30:00-04:00,107451.36950683594,81828.8493347168,"[{'asset': GLD, 'quantity': 141.0}]",0.0
2023-05-30 09:30:00-04:00,107451.36950683594,81828.8493347168,"[{'asset': GLD, 'quantity': 141.0}]",0.0
2023-05-31 09:30:00-04:00,107545.83924865723,81828.8493347168,"[{'asset': GLD, 'quantity': 141.0}]",0.0008791860192649548
2023-06-01 09:30:00-04:00,107605.05899047852,81828.8493347168,"[{'asset': GLD, 'quantity': 141.0}]",0.0005506465171969399
2023-06-02 09:30:00-04:00,107706.57916259766,81828.8493347168,"[{'asset': GLD, 'quantity': 141.0}]",0.0009434516654847069
2023-06-03 09:30:00-04:00,107706.57916259766,81828.8493347168,"[{'asset': GLD, 'quantity': 141.0}]",0.0
2023-06-03 09:29:00-04:00,107706.57916259766,81828.8493347168,"[{'asset': GLD, 'quantity': 141.0}]",0.0
2023-06-05 08:30:00-04:00,107320.23838806152,81828.8493347168,"[{'asset': GLD, 'quantity': 141.0}]",-0.00358697470052316
2023-06-05 09:30:00-04:00,107320.23838806152,81828.8493347168,"[{'asset': GLD, 'quantity': 141.0}]",0.0
2023-06-05 09:30:00-04:00,107320.23838806152,81828.8493347168,"[{'asset': GLD, 'quantity': 141.0}]",0.0
2023-06-06 09:30:00-04:00,107541.60942077637,81828.8493347168,"[{'asset': GLD, 'quantity': 141.0}]",0.0020627146942628904
2023-06-07 09:30:00-04:00,107482.38967895508,81828.8493347168,"[{'asset': GLD, 'quantity': 141.0}]",-0.000550668175232305
2023-06-08 09:30:00-04:00,107490.8493347168,81828.8493347168,"[{'asset': GLD, 'quantity': 141.0}]",7.870736580195548e-05
2023-06-09 09:30:00-04:00,107541.60942077637,81828.8493347168,"[{'asset': GLD, 'quantity': 141.0}]",0.00047222704419702666
2023-06-10 09:30:00-04:00,107541.60942077637,81828.8493347168,"[{'asset': GLD, 'quantity': 141.0}]",0.0
2023-06-10 09:29:00-04:00,107541.60942077637,81828.8493347168,"[{'asset': GLD, 'quantity': 141.0}]",0.0
2023-06-12 08:30:00-04:00,107462.64976501465,81828.8493347168,"[{'asset': GLD, 'quantity': 141.0}]",-0.0007342242336431104
2023-06-12 09:30:00-04:00,107462.64976501465,81828.8493347168,"[{'asset': GLD, 'quantity': 141.0}]",0.0
2023-06-12 09:30:00-04:00,107462.64976501465,81828.8493347168,"[{'asset': GLD, 'quantity': 141.0}]",0.0
2023-06-13 09:30:00-04:00,107504.9501953125,81828.8493347168,"[{'asset': GLD, 'quantity': 141.0}]",0.0003936291389645685
2023-06-14 09:30:00-04:00,107447.13967895508,81828.8493347168,"[{'asset': GLD, 'quantity': 141.0}]",-0.000537747482812545
2023-06-15 09:30:00-04:00,107248.32916259766,81828.8493347168,"[{'asset': GLD, 'quantity': 141.0}]",-0.001850309993839283
2023-06-16 09:30:00-04:00,107480.97830200195,81828.8493347168,"[{'asset': GLD, 'quantity': 141.0}]",0.0021692565396667085
2023-06-17 09:30:00-04:00,107480.97830200195,81828.8493347168,"[{'asset': GLD, 'quantity': 141.0}]",0.0
2023-06-17 09:29:00-04:00,107480.97830200195,81828.8493347168,"[{'asset': GLD, 'quantity': 141.0}]",0.0
2023-06-20 08:30:00-04:00,107217.30899047852,81828.8493347168,"[{'asset': GLD, 'quantity': 141.0}]",-0.002453171860629877
2023-06-20 09:30:00-04:00,107217.30899047852,81828.8493347168,"[{'asset': GLD, 'quantity': 141.0}]",0.0
2023-06-20 09:30:00-04:00,107217.30899047852,81828.8493347168,"[{'asset': GLD, 'quantity': 141.0}]",0.0
2023-06-21 09:30:00-04:00,107088.9984741211,81828.8493347168,"[{'asset': GLD, 'quantity': 141.0}]",-0.0011967332286694221
2023-06-22 09:30:00-04:00,106977.60942077637,81828.8493347168,"[{'asset': GLD, 'quantity': 141.0}]",-0.0010401540301233636
2023-06-23 09:30:00-04:00,107152.4501953125,81828.8493347168,"[{'asset': GLD, 'quantity': 141.0}]",0.0016343679344004158
2023-06-24 09:30:00-04:00,107152.4501953125,81828.8493347168,"[{'asset': GLD, 'quantity': 141.0}]",0.0
2023-06-24 09:29:00-04:00,107152.4501953125,81828.8493347168,"[{'asset': GLD, 'quantity': 141.0}]",0.0
2023-06-26 08:30:00-04:00,107074.89976501465,81828.8493347168,"[{'asset': GLD, 'quantity': 141.0}]",-0.0007237392160095446
2023-06-26 09:30:00-04:00,107074.89976501465,81828.8493347168,"[{'asset': GLD, 'quantity': 141.0}]",0.0
2023-06-26 09:30:00-04:00,107074.89976501465,81828.8493347168,"[{'asset': GLD, 'quantity': 141.0}]",0.0
2023-06-27 09:30:00-04:00,107077.72036743164,81828.8493347168,"[{'asset': GLD, 'quantity': 141.0}]",2.6342330678552628e-05
2023-06-28 09:30:00-04:00,106818.2787322998,81828.8493347168,"[{'asset': GLD, 'quantity': 141.0}]",-0.0024229282640830796
2023-06-29 09:30:00-04:00,106620.87959289551,81828.8493347168,"[{'asset': GLD, 'quantity': 141.0}]",-0.0018479902667126735
2023-06-30 09:30:00-04:00,106883.13967895508,81828.8493347168,"[{'asset': GLD, 'quantity': 141.0}]",0.0024597441613776194
2023-07-01 09:30:00-04:00,106883.13967895508,81828.8493347168,"[{'asset': GLD, 'quantity': 141.0}]",0.0
2023-07-01 09:29:00-04:00,106883.13967895508,81828.8493347168,"[{'asset': GLD, 'quantity': 141.0}]",0.0
2023-07-03 08:30:00-04:00,107012.85942077637,81828.8493347168,"[{'asset': GLD, 'quantity': 141.0}]",0.0012136595370506598
2023-07-03 09:30:00-04:00,107012.85942077637,81828.8493347168,"[{'asset': GLD, 'quantity': 141.0}]",0.0
2023-07-03 09:30:00-04:00,107012.85942077637,81828.8493347168,"[{'asset': GLD, 'quantity': 141.0}]",0.0
2023-07-04 09:30:00-04:00,107012.85942077637,81828.8493347168,"[{'asset': GLD, 'quantity': 141.0}]",0.0
2023-07-04 09:29:00-04:00,107012.85942077637,81828.8493347168,"[{'asset': GLD, 'quantity': 141.0}]",0.0
2023-07-05 08:30:00-04:00,107125.65985107422,81828.8493347168,"[{'asset': GLD, 'quantity': 141.0}]",0.0010540829476792801
2023-07-05 09:30:00-04:00,107125.65985107422,81828.8493347168,"[{'asset': GLD, 'quantity': 141.0}]",0.0
2023-07-05 09:30:00-04:00,107125.65985107422,81828.8493347168,"[{'asset': GLD, 'quantity': 141.0}]",0.0
2023-07-06 09:30:00-04:00,106857.75856018066,81828.8493347168,"[{'asset': GLD, 'quantity': 141.0}]",-0.002500813449046624
2023-07-07 09:30:00-04:00,106980.43002319336,81828.8493347168,"[{'asset': GLD, 'quantity': 141.0}]",0.0011479883600928886
2023-07-08 09:30:00-04:00,106980.43002319336,81828.8493347168,"[{'asset': GLD, 'quantity': 141.0}]",0.0
2023-07-08 09:29:00-04:00,106980.43002319336,81828.8493347168,"[{'asset': GLD, 'quantity': 141.0}]",0.0
2023-07-10 08:30:00-04:00,106979.01864624023,81828.8493347168,"[{'asset': GLD, 'quantity': 141.0}]",-1.3192851746945955e-05
2023-07-10 09:30:00-04:00,106979.01864624023,81828.8493347168,"[{'asset': GLD, 'quantity': 141.0}]",0.0
2023-07-10 09:30:00-04:00,106979.01864624023,81828.8493347168,"[{'asset': GLD, 'quantity': 141.0}]",0.0
2023-07-11 09:30:00-04:00,107128.47830200195,81828.8493347168,"[{'asset': GLD, 'quantity': 141.0}]",0.0013970931651181573
2023-07-12 09:30:00-04:00,107375.22830200195,81828.8493347168,"[{'asset': GLD, 'quantity': 141.0}]",0.0023033091098745295
2023-07-13 09:30:00-04:00,107485.21028137207,81828.8493347168,"[{'asset': GLD, 'quantity': 141.0}]",0.0010242770246855493
2023-07-14 09:30:00-04:00,107433.03881835938,81828.8493347168,"[{'asset': GLD, 'quantity': 141.0}]",-0.00048538271336240335
2023-07-15 09:30:00-04:00,107433.03881835938,81828.8493347168,"[{'asset': GLD, 'quantity': 141.0}]",0.0
2023-07-15 09:29:00-04:00,107433.03881835938,81828.8493347168,"[{'asset': GLD, 'quantity': 141.0}]",0.0
2023-07-17 08:30:00-04:00,107348.44010925293,81828.8493347168,"[{'asset': GLD, 'quantity': 141.0}]",-0.0007874552375780608
2023-07-17 09:30:00-04:00,107348.44010925293,81828.8493347168,"[{'asset': GLD, 'quantity': 141.0}]",0.0
2023-07-17 09:30:00-04:00,107348.44010925293,81828.8493347168,"[{'asset': GLD, 'quantity': 141.0}]",0.0
2023-07-18 09:30:00-04:00,107602.23838806152,81828.8493347168,"[{'asset': GLD, 'quantity': 141.0}]",0.002364247478121584
2023-07-19 09:30:00-04:00,107695.29890441895,81828.8493347168,"[{'asset': GLD, 'quantity': 141.0}]",0.0008648566958413539
2023-07-20 09:30:00-04:00,107734.7787322998,81828.8493347168,"[{'asset': GLD, 'quantity': 141.0}]",0.0003665882195647008
2023-07-21 09:30:00-04:00,107499.30899047852,81828.8493347168,"[{'asset': GLD, 'quantity': 141.0}]",-0.002185642784920838
2023-07-22 09:30:00-04:00,107499.30899047852,81828.8493347168,"[{'asset': GLD, 'quantity': 141.0}]",0.0
2023-07-22 09:29:00-04:00,107499.30899047852,81828.8493347168,"[{'asset': GLD, 'quantity': 141.0}]",0.0
2023-07-24 08:30:00-04:00,107521.86950683594,81828.8493347168,"[{'asset': GLD, 'quantity': 141.0}]",0.0002098666174628061
2023-07-24 09:30:00-04:00,107521.86950683594,81828.8493347168,"[{'asset': GLD, 'quantity': 141.0}]",0.0
2023-07-24 09:30:00-04:00,107521.86950683594,81828.8493347168,"[{'asset': GLD, 'quantity': 141.0}]",0.0
2023-07-25 09:30:00-04:00,107451.36950683594,81828.8493347168,"[{'asset': GLD, 'quantity': 141.0}]",-0.0006556805636226404
2023-07-26 09:30:00-04:00,107583.90985107422,81828.8493347168,"[{'asset': GLD, 'quantity': 141.0}]",0.0012334914375367045
2023-07-27 09:30:00-04:00,107440.08924865723,81828.8493347168,"[{'asset': GLD, 'quantity': 141.0}]",-0.0013368226030833208
2023-07-28 09:30:00-04:00,107417.5287322998,81828.8493347168,"[{'asset': GLD, 'quantity': 141.0}]",-0.00020998229352930942
2023-07-29 09:30:00-04:00,107417.5287322998,81828.8493347168,"[{'asset': GLD, 'quantity': 141.0}]",0.0
2023-07-29 09:29:00-04:00,107417.5287322998,81828.8493347168,"[{'asset': GLD, 'quantity': 141.0}]",0.0
2023-07-31 08:30:00-04:00,107551.47830200195,81828.8493347168,"[{'asset': GLD, 'quantity': 141.0}]",0.0012469991749295417
2023-07-31 09:30:00-04:00,107551.47830200195,81828.8493347168,"[{'asset': GLD, 'quantity': 141.0}]",0.0
2023-07-31 09:30:00-04:00,107551.47830200195,81828.8493347168,"[{'asset': GLD, 'quantity': 141.0}]",0.0
2023-08-01 09:30:00-04:00,107328.7001953125,81828.8493347168,"[{'asset': GLD, 'quantity': 141.0}]",-0.0020713625717342365
2023-08-02 09:30:00-04:00,107289.22036743164,81828.8493347168,"[{'asset': GLD, 'quantity': 141.0}]",-0.0003678403615157144
2023-08-03 09:30:00-04:00,107129.88967895508,81828.8493347168,"[{'asset': GLD, 'quantity': 141.0}]",-0.0014850577525953312
2023-08-04 09:30:00-04:00,107244.0993347168,81828.8493347168,"[{'asset': GLD, 'quantity': 141.0}]",0.0010660858151163577
2023-08-05 09:30:00-04:00,107244.0993347168,81828.8493347168,"[{'asset': GLD, 'quantity': 141.0}]",0.0
2023-08-05 09:29:00-04:00,107244.0993347168,81828.8493347168,"[{'asset': GLD, 'quantity': 141.0}]",0.0
2023-08-07 08:30:00-04:00,107229.9984741211,81828.8493347168,"[{'asset': GLD, 'quantity': 141.0}]",-0.0001314837896273513
2023-08-07 09:30:00-04:00,107229.9984741211,81828.8493347168,"[{'asset': GLD, 'quantity': 141.0}]",0.0
2023-08-07 09:30:00-04:00,107229.9984741211,81828.8493347168,"[{'asset': GLD, 'quantity': 141.0}]",0.0
2023-08-08 09:30:00-04:00,107017.08924865723,81828.8493347168,"[{'asset': GLD, 'quantity': 141.0}]",-0.001985537895118461
2023-08-09 09:30:00-04:00,107022.72830200195,81828.8493347168,"[{'asset': GLD, 'quantity': 141.0}]",5.269301738919374e-05
2023-08-10 09:30:00-04:00,106957.86950683594,81828.8493347168,"[{'asset': GLD, 'quantity': 141.0}]",-0.0006060282352641222
2023-08-11 09:30:00-04:00,106884.54890441895,81828.8493347168,"[{'asset': GLD, 'quantity': 141.0}]",-0.0006855091893196441
2023-08-12 09:30:00-04:00,106884.54890441895,81828.8493347168,"[{'asset': GLD, 'quantity': 141.0}]",0.0
2023-08-12 09:29:00-04:00,106884.54890441895,81828.8493347168,"[{'asset': GLD, 'quantity': 141.0}]",0.0
2023-08-14 08:30:00-04:00,106766.10942077637,81828.8493347168,"[{'asset': GLD, 'quantity': 141.0}]",-0.0011081066894756963
2023-08-14 09:30:00-04:00,106766.10942077637,81828.8493347168,"[{'asset': GLD, 'quantity': 141.0}]",0.0
2023-08-14 09:30:00-04:00,106766.10942077637,81828.8493347168,"[{'asset': GLD, 'quantity': 141.0}]",0.0
2023-08-15 09:30:00-04:00,106750.5993347168,81828.8493347168,"[{'asset': GLD, 'quantity': 141.0}]",-0.00014527162358646262
2023-08-16 09:30:00-04:00,106732.26864624023,81828.8493347168,"[{'asset': GLD, 'quantity': 141.0}]",-0.0001717150872294626
2023-08-17 09:30:00-04:00,106719.57916259766,81828.8493347168,"[{'asset': GLD, 'quantity': 141.0}]",-0.00011889078910742867
2023-08-18 09:30:00-04:00,106620.87959289551,81828.8493347168,"[{'asset': GLD, 'quantity': 141.0}]",-0.0009248496899689762
2023-08-19 09:30:00-04:00,106620.87959289551,81828.8493347168,"[{'asset': GLD, 'quantity': 141.0}]",0.0
2023-08-19 09:29:00-04:00,106620.87959289551,81828.8493347168,"[{'asset': GLD, 'quantity': 141.0}]",0.0
2023-08-21 08:30:00-04:00,106630.7484741211,81828.8493347168,"[{'asset': GLD, 'quantity': 141.0}]",9.256049343497885e-05
2023-08-21 09:30:00-04:00,106630.7484741211,81828.8493347168,"[{'asset': GLD, 'quantity': 141.0}]",0.0
2023-08-21 09:30:00-04:00,106630.7484741211,81828.8493347168,"[{'asset': GLD, 'quantity': 141.0}]",0.0
2023-08-22 09:30:00-04:00,106620.87959289551,81828.8493347168,"[{'asset': GLD, 'quantity': 141.0}]",-9.255192678292445e-05
2023-08-23 09:30:00-04:00,106830.97036743164,81828.8493347168,"[{'asset': GLD, 'quantity': 141.0}]",0.0019704468330996594
2023-08-24 09:30:00-04:00,106878.90985107422,81828.8493347168,"[{'asset': GLD, 'quantity': 141.0}]",0.0004487414415286217
2023-08-25 09:30:00-04:00,106867.62959289551,81828.8493347168,"[{'asset': GLD, 'quantity': 141.0}]",-0.00010554241425575484
2023-08-26 09:30:00-04:00,106867.62959289551,81828.8493347168,"[{'asset': GLD, 'quantity': 141.0}]",0.0
2023-08-26 09:29:00-04:00,106867.62959289551,81828.8493347168,"[{'asset': GLD, 'quantity': 141.0}]",0.0
2023-08-28 08:30:00-04:00,106877.4984741211,81828.8493347168,"[{'asset': GLD, 'quantity': 141.0}]",9.234677762748333e-05
2023-08-28 09:30:00-04:00,106877.4984741211,81828.8493347168,"[{'asset': GLD, 'quantity': 141.0}]",0.0
2023-08-28 09:30:00-04:00,106877.4984741211,81828.8493347168,"[{'asset': GLD, 'quantity': 141.0}]",0.0
2023-08-29 09:30:00-04:00,106931.07916259766,81828.8493347168,"[{'asset': GLD, 'quantity': 141.0}]",0.000501328055404926
2023-08-30 09:30:00-04:00,107290.62959289551,81828.8493347168,"[{'asset': GLD, 'quantity': 141.0}]",0.00336245021665893
2023-08-31 09:30:00-04:00,107261.01864624023,81828.8493347168,"[{'asset': GLD, 'quantity': 141.0}]",-0.0002759881899064842
2023-09-01 09:30:00-04:00,107321.64976501465,81828.8493347168,"[{'asset': GLD, 'quantity': 141.0}]",0.0005652670423947903
2023-09-02 09:30:00-04:00,107321.64976501465,81828.8493347168,"[{'asset': GLD, 'quantity': 141.0}]",0.0
2023-09-02 09:29:00-04:00,107321.64976501465,81828.8493347168,"[{'asset': GLD, 'quantity': 141.0}]",0.0
2023-09-05 08:30:00-04:00,107114.37959289551,81828.8493347168,"[{'asset': GLD, 'quantity': 141.0}]",-0.0019312987880167887
2023-09-05 09:30:00-04:00,107114.37959289551,81828.8493347168,"[{'asset': GLD, 'quantity': 141.0}]",0.0
2023-09-05 09:30:00-04:00,107114.37959289551,81828.8493347168,"[{'asset': GLD, 'quantity': 141.0}]",0.0
2023-09-06 09:30:00-04:00,106973.37959289551,81828.8493347168,"[{'asset': GLD, 'quantity': 141.0}]",-0.0013163498732465806
2023-09-07 09:30:00-04:00,106970.55899047852,81828.8493347168,"[{'asset': GLD, 'quantity': 141.0}]",-2.6367330150045554e-05
2023-09-08 09:30:00-04:00,106977.60942077637,81828.8493347168,"[{'asset': GLD, 'quantity': 141.0}]",6.591000705613581e-05
2023-09-09 09:30:00-04:00,106977.60942077637,81828.8493347168,"[{'asset': GLD, 'quantity': 141.0}]",0.0
2023-09-09 09:29:00-04:00,106977.60942077637,81828.8493347168,"[{'asset': GLD, 'quantity': 141.0}]",0.0
2023-09-11 08:30:00-04:00,107063.61950683594,81828.8493347168,"[{'asset': GLD, 'quantity': 141.0}]",0.0008040008233991536
2023-09-11 09:30:00-04:00,107063.61950683594,81828.8493347168,"[{'asset': GLD, 'quantity': 141.0}]",0.0
2023-09-11 09:30:00-04:00,107063.61950683594,81828.8493347168,"[{'asset': GLD, 'quantity': 141.0}]",0.0
2023-09-12 09:30:00-04:00,106801.35942077637,81828.8493347168,"[{'asset': GLD, 'quantity': 141.0}]",-0.002449572387591692
2023-09-13 09:30:00-04:00,106860.57916259766,81828.8493347168,"[{'asset': GLD, 'quantity': 141.0}]",0.0005544849067695701
2023-09-14 09:30:00-04:00,106715.3493347168,81828.8493347168,"[{'asset': GLD, 'quantity': 141.0}]",-0.0013590589627994198
2023-09-15 09:30:00-04:00,107004.39976501465,81828.8493347168,"[{'asset': GLD, 'quantity': 141.0}]",0.0027086115736849603
2023-09-16 09:30:00-04:00,107004.39976501465,81828.8493347168,"[{'asset': GLD, 'quantity': 141.0}]",0.0
2023-09-16 09:29:00-04:00,107004.39976501465,81828.8493347168,"[{'asset': GLD, 'quantity': 141.0}]",0.0
2023-09-18 08:30:00-04:00,107042.47036743164,81828.8493347168,"[{'asset': GLD, 'quantity': 141.0}]",0.00035578539294278677
2023-09-18 09:30:00-04:00,107042.47036743164,81828.8493347168,"[{'asset': GLD, 'quantity': 141.0}]",0.0
2023-09-18 09:30:00-04:00,107042.47036743164,81828.8493347168,"[{'asset': GLD, 'quantity': 141.0}]",0.0
2023-09-19 09:30:00-04:00,107143.98838806152,81828.8493347168,"[{'asset': GLD, 'quantity': 141.0}]",0.0009483901135820538
2023-09-20 09:30:00-04:00,107115.78881835938,81828.8493347168,"[{'asset': GLD, 'quantity': 141.0}]",-0.00026319320501688725
2023-09-21 09:30:00-04:00,106907.10942077637,81828.8493347168,"[{'asset': GLD, 'quantity': 141.0}]",-0.0019481665577506524
2023-09-22 09:30:00-04:00,107018.4984741211,81828.8493347168,"[{'asset': GLD, 'quantity': 141.0}]",0.001041923721895044
2023-09-23 09:30:00-04:00,107018.4984741211,81828.8493347168,"[{'asset': GLD, 'quantity': 141.0}]",0.0
2023-09-23 09:29:00-04:00,107018.4984741211,81828.8493347168,"[{'asset': GLD, 'quantity': 141.0}]",0.0
2023-09-25 08:30:00-04:00,106984.65985107422,81828.8493347168,"[{'asset': GLD, 'quantity': 141.0}]",-0.00031619414894945574
2023-09-25 09:30:00-04:00,106984.65985107422,81828.8493347168,"[{'asset': GLD, 'quantity': 141.0}]",0.0
2023-09-25 09:30:00-04:00,106984.65985107422,81828.8493347168,"[{'asset': GLD, 'quantity': 141.0}]",0.0
2023-09-26 09:30:00-04:00,106761.87959289551,81828.8493347168,"[{'asset': GLD, 'quantity': 141.0}]",-0.002082357026594539
2023-09-27 09:30:00-04:00,106541.91993713379,81828.8493347168,"[{'asset': GLD, 'quantity': 141.0}]",-0.0020602827207657493
2023-09-28 09:30:00-04:00,106350.15985107422,81828.8493347168,"[{'asset': GLD, 'quantity': 141.0}]",-0.0017998557391561976
2023-09-29 09:30:00-04:00,106351.56907653809,81828.8493347168,"[{'asset': GLD, 'quantity': 141.0}]",1.3250807199938208e-05
2023-09-30 09:30:00-04:00,106351.56907653809,81828.8493347168,"[{'asset': GLD, 'quantity': 141.0}]",0.0
2023-09-30 09:29:00-04:00,106351.56907653809,81828.8493347168,"[{'asset': GLD, 'quantity': 141.0}]",0.0
2023-10-02 08:30:00-04:00,105831.2787322998,81828.8493347168,"[{'asset': GLD, 'quantity': 141.0}]",-0.0048921736534403015
2023-10-02 09:30:00-04:00,105831.2787322998,81828.8493347168,"[{'asset': GLD, 'quantity': 141.0}]",0.0
2023-10-02 09:30:00-04:00,105831.2787322998,81828.8493347168,"[{'asset': GLD, 'quantity': 141.0}]",0.0
2023-10-03 09:30:00-04:00,105677.58924865723,81828.8493347168,"[{'asset': GLD, 'quantity': 141.0}]",-0.0014522122900105794
2023-10-04 09:30:00-04:00,105687.46028137207,81828.8493347168,"[{'asset': GLD, 'quantity': 141.0}]",9.340705806248906e-05
2023-10-05 09:30:00-04:00,105621.19010925293,81828.8493347168,"[{'asset': GLD, 'quantity': 141.0}]",-0.000627039120276951
2023-10-06 09:30:00-04:00,105681.81907653809,81828.8493347168,"[{'asset': GLD, 'quantity': 141.0}]",0.0005740227621222616
2023-10-07 09:30:00-04:00,105681.81907653809,81828.8493347168,"[{'asset': GLD, 'quantity': 141.0}]",0.0
2023-10-07 09:29:00-04:00,105681.81907653809,81828.8493347168,"[{'asset': GLD, 'quantity': 141.0}]",0.0
2023-10-09 08:30:00-04:00,105965.22830200195,81828.8493347168,"[{'asset': GLD, 'quantity': 141.0}]",0.002681721680610094
2023-10-09 09:30:00-04:00,105965.22830200195,81828.8493347168,"[{'asset': GLD, 'quantity': 141.0}]",0.0
2023-10-09 09:30:00-04:00,105965.22830200195,81828.8493347168,"[{'asset': GLD, 'quantity': 141.0}]",0.0
2023-10-10 09:30:00-04:00,106092.12959289551,81828.8493347168,"[{'asset': GLD, 'quantity': 141.0}]",0.0011975748358874494
2023-10-11 09:30:00-04:00,106306.4501953125,81828.8493347168,"[{'asset': GLD, 'quantity': 141.0}]",0.002020136679689699
2023-10-12 09:30:00-04:00,106371.30899047852,81828.8493347168,"[{'asset': GLD, 'quantity': 141.0}]",0.0006101115694001624
2023-10-13 09:30:00-04:00,106770.33924865723,81828.8493347168,"[{'asset': GLD, 'quantity': 141.0}]",0.0037512959271228663
2023-10-14 09:30:00-04:00,106770.33924865723,81828.8493347168,"[{'asset': GLD, 'quantity': 141.0}]",0.0
2023-10-14 09:29:00-04:00,106770.33924865723,81828.8493347168,"[{'asset': GLD, 'quantity': 141.0}]",0.0
2023-10-16 08:30:00-04:00,106904.28881835938,81828.8493347168,"[{'asset': GLD, 'quantity': 141.0}]",0.0012545578729519224
2023-10-16 09:30:00-04:00,106904.28881835938,81828.8493347168,"[{'asset': GLD, 'quantity': 141.0}]",0.0
2023-10-16 09:30:00-04:00,106904.28881835938,81828.8493347168,"[{'asset': GLD, 'quantity': 141.0}]",0.0
2023-10-17 09:30:00-04:00,106979.01864624023,81828.8493347168,"[{'asset': GLD, 'quantity': 141.0}]",0.0006990348909932109
2023-10-18 09:30:00-04:00,107334.33924865723,81828.8493347168,"[{'asset': GLD, 'quantity': 141.0}]",0.0033214045792657743
2023-10-19 09:30:00-04:00,107355.48838806152,81828.8493347168,"[{'asset': GLD, 'quantity': 141.0}]",0.00019703982483454396
2023-10-20 09:30:00-04:00,107692.47830200195,81828.8493347168,"[{'asset': GLD, 'quantity': 141.0}]",0.0031390096491601405
2023-10-21 09:30:00-04:00,107692.47830200195,81828.8493347168,"[{'asset': GLD, 'quantity': 141.0}]",0.0
2023-10-21 09:29:00-04:00,107692.47830200195,81828.8493347168,"[{'asset': GLD, 'quantity': 141.0}]",0.0
2023-10-23 08:30:00-04:00,107703.75856018066,81828.8493347168,"[{'asset': GLD, 'quantity': 141.0}]",0.00010474508857605258
2023-10-23 09:30:00-04:00,107703.75856018066,81828.8493347168,"[{'asset': GLD, 'quantity': 141.0}]",0.0
2023-10-23 09:30:00-04:00,107703.75856018066,81828.8493347168,"[{'asset': GLD, 'quantity': 141.0}]",0.0
2023-10-24 09:30:00-04:00,107500.72036743164,81828.8493347168,"[{'asset': GLD, 'quantity': 141.0}]",-0.0018851541994755472
2023-10-25 09:30:00-04:00,107691.06907653809,81828.8493347168,"[{'asset': GLD, 'quantity': 141.0}]",0.0017706738006577627
2023-10-26 09:30:00-04:00,107688.2484741211,81828.8493347168,"[{'asset': GLD, 'quantity': 141.0}]",-2.6191609398762417e-05
2023-10-27 09:30:00-04:00,107739.00856018066,81828.8493347168,"[{'asset': GLD, 'quantity': 141.0}]",0.0004713614231710572
2023-10-28 09:30:00-04:00,107739.00856018066,81828.8493347168,"[{'asset': GLD, 'quantity': 141.0}]",0.0
2023-10-28 09:29:00-04:00,107739.00856018066,81828.8493347168,"[{'asset': GLD, 'quantity': 141.0}]",0.0
2023-10-30 08:30:00-04:00,107989.98838806152,81828.8493347168,"[{'asset': GLD, 'quantity': 141.0}]",0.002329516776095719
2023-10-30 09:30:00-04:00,107989.98838806152,81828.8493347168,"[{'asset': GLD, 'quantity': 141.0}]",0.0
2023-10-30 09:30:00-04:00,107989.98838806152,81828.8493347168,"[{'asset': GLD, 'quantity': 141.0}]",0.0
2023-10-31 09:30:00-04:00,107925.12959289551,81828.8493347168,"[{'asset': GLD, 'quantity': 141.0}]",-0.0006006000753786545
2023-11-01 09:30:00-04:00,107760.15985107422,81828.8493347168,"[{'asset': GLD, 'quantity': 141.0}]",-0.0015285572733947372
2023-11-02 09:30:00-04:00,107791.18002319336,81828.8493347168,"[{'asset': GLD, 'quantity': 141.0}]",0.00028786308559691776
2023-11-03 09:30:00-04:00,107840.5287322998,81828.8493347168,"[{'asset': GLD, 'quantity': 141.0}]",0.0004578176906109288
2023-11-04 09:30:00-04:00,107840.5287322998,81828.8493347168,"[{'asset': GLD, 'quantity': 141.0}]",0.0
2023-11-04 09:29:00-04:00,107840.5287322998,81828.8493347168,"[{'asset': GLD, 'quantity': 141.0}]",0.0
2023-11-06 08:30:00-05:00,107792.58924865723,81828.8493347168,"[{'asset': GLD, 'quantity': 141.0}]",-0.0004445405100116373
2023-11-06 09:30:00-05:00,107792.58924865723,81828.8493347168,"[{'asset': GLD, 'quantity': 141.0}]",0.0
2023-11-06 09:30:00-05:00,107792.58924865723,81828.8493347168,"[{'asset': GLD, 'quantity': 141.0}]",0.0
2023-11-07 09:30:00-05:00,107526.0993347168,81828.8493347168,"[{'asset': GLD, 'quantity': 141.0}]",-0.002472247079302381
2023-11-08 09:30:00-05:00,107492.25856018066,81828.8493347168,"[{'asset': GLD, 'quantity': 141.0}]",-0.0003147214931584763
2023-11-09 09:30:00-05:00,107347.0287322998,81828.8493347168,"[{'asset': GLD, 'quantity': 141.0}]",-0.001351072438389167
2023-11-10 09:30:00-05:00,107280.75856018066,81828.8493347168,"[{'asset': GLD, 'quantity': 141.0}]",-0.0006173451925195472
2023-11-11 09:30:00-05:00,107280.75856018066,81828.8493347168,"[{'asset': GLD, 'quantity': 141.0}]",0.0
2023-11-11 09:29:00-05:00,107280.75856018066,81828.8493347168,"[{'asset': GLD, 'quantity': 141.0}]",0.0
2023-11-13 08:30:00-05:00,107124.2484741211,81828.8493347168,"[{'asset': GLD, 'quantity': 141.0}]",-0.0014588831041101313
2023-11-13 09:30:00-05:00,107124.2484741211,81828.8493347168,"[{'asset': GLD, 'quantity': 141.0}]",0.0
2023-11-13 09:30:00-05:00,107124.2484741211,81828.8493347168,"[{'asset': GLD, 'quantity': 141.0}]",0.0
2023-11-14 09:30:00-05:00,107448.54890441895,81828.8493347168,"[{'asset': GLD, 'quantity': 141.0}]",0.0030273298055032427
2023-11-15 09:30:00-05:00,107495.07916259766,81828.8493347168,"[{'asset': GLD, 'quantity': 141.0}]",0.00043304687362599736
2023-11-16 09:30:00-05:00,107610.7001953125,81828.8493347168,"[{'asset': GLD, 'quantity': 141.0}]",0.0010755937259225856
2023-11-17 09:30:00-05:00,107767.21028137207,81828.8493347168,"[{'asset': GLD, 'quantity': 141.0}]",0.001454410070518053
2023-11-18 09:30:00-05:00,107767.21028137207,81828.8493347168,"[{'asset': GLD, 'quantity': 141.0}]",0.0
2023-11-18 09:29:00-05:00,107767.21028137207,81828.8493347168,"[{'asset': GLD, 'quantity': 141.0}]",0.0
2023-11-20 08:30:00-05:00,107535.97036743164,81828.8493347168,"[{'asset': GLD, 'quantity': 141.0}]",-0.0021457353617735375
2023-11-20 09:30:00-05:00,107535.97036743164,81828.8493347168,"[{'asset': GLD, 'quantity': 141.0}]",0.0
2023-11-20 09:30:00-05:00,107535.97036743164,81828.8493347168,"[{'asset': GLD, 'quantity': 141.0}]",0.0
2023-11-21 09:30:00-05:00,107994.22036743164,81828.8493347168,"[{'asset': GLD, 'quantity': 141.0}]",0.004261364810623336
2023-11-22 09:30:00-05:00,107980.11950683594,81828.8493347168,"[{'asset': GLD, 'quantity': 141.0}]",-0.00013057051153042565
2023-11-23 09:30:00-05:00,107980.11950683594,81828.8493347168,"[{'asset': GLD, 'quantity': 141.0}]",0.0
2023-11-23 09:29:00-05:00,107980.11950683594,81828.8493347168,"[{'asset': GLD, 'quantity': 141.0}]",0.0
2023-11-24 08:30:00-05:00,107980.11950683594,81828.8493347168,"[{'asset': GLD, 'quantity': 141.0}]",0.0
2023-11-24 09:30:00-05:00,107980.11950683594,81828.8493347168,"[{'asset': GLD, 'quantity': 141.0}]",0.0
2023-11-24 09:30:00-05:00,107980.11950683594,81828.8493347168,"[{'asset': GLD, 'quantity': 141.0}]",0.0
2023-11-25 09:30:00-05:00,107980.11950683594,81828.8493347168,"[{'asset': GLD, 'quantity': 141.0}]",0.0
2023-11-25 09:29:00-05:00,107980.11950683594,81828.8493347168,"[{'asset': GLD, 'quantity': 141.0}]",0.0
2023-11-27 08:30:00-05:00,108133.80899047852,81828.8493347168,"[{'asset': GLD, 'quantity': 141.0}]",0.0014233127759490927
2023-11-27 09:30:00-05:00,108133.80899047852,81828.8493347168,"[{'asset': GLD, 'quantity': 141.0}]",0.0
2023-11-27 09:30:00-05:00,108133.80899047852,81828.8493347168,"[{'asset': GLD, 'quantity': 141.0}]",0.0
2023-11-28 09:30:00-05:00,108322.7484741211,81828.8493347168,"[{'asset': GLD, 'quantity': 141.0}]",0.0017472748385216619
2023-11-29 09:30:00-05:00,108500.40985107422,81828.8493347168,"[{'asset': GLD, 'quantity': 141.0}]",0.0016401114212456491
2023-11-30 09:30:00-05:00,108462.33924865723,81828.8493347168,"[{'asset': GLD, 'quantity': 141.0}]",-0.00035087980284354003
2023-12-01 09:30:00-05:00,108451.05899047852,81828.8493347168,"[{'asset': GLD, 'quantity': 141.0}]",-0.00010400161251222784
2023-12-02 09:30:00-05:00,108451.05899047852,81828.8493347168,"[{'asset': GLD, 'quantity': 141.0}]",0.0
2023-12-02 09:29:00-05:00,108451.05899047852,81828.8493347168,"[{'asset': GLD, 'quantity': 141.0}]",0.0
2023-12-04 08:30:00-05:00,108562.4501953125,81828.8493347168,"[{'asset': GLD, 'quantity': 141.0}]",0.0010271103470163023
2023-12-04 09:30:00-05:00,108562.4501953125,81828.8493347168,"[{'asset': GLD, 'quantity': 141.0}]",0.0
2023-12-04 09:30:00-05:00,108562.4501953125,81828.8493347168,"[{'asset': GLD, 'quantity': 141.0}]",0.0
2023-12-05 09:30:00-05:00,108273.39976501465,81828.8493347168,"[{'asset': GLD, 'quantity': 141.0}]",-0.0026625267740164604
2023-12-06 09:30:00-05:00,108381.97036743164,81828.8493347168,"[{'asset': GLD, 'quantity': 141.0}]",0.0010027449276794886
2023-12-07 09:30:00-05:00,108400.29890441895,81828.8493347168,"[{'asset': GLD, 'quantity': 141.0}]",0.00016911057185220457
2023-12-08 09:30:00-05:00,108044.97830200195,81828.8493347168,"[{'asset': GLD, 'quantity': 141.0}]",-0.0032778562975208647
2023-12-09 09:30:00-05:00,108044.97830200195,81828.8493347168,"[{'asset': GLD, 'quantity': 141.0}]",0.0
2023-12-09 09:29:00-05:00,108044.97830200195,81828.8493347168,"[{'asset': GLD, 'quantity': 141.0}]",0.0
2023-12-11 08:30:00-05:00,107843.3493347168,81828.8493347168,"[{'asset': GLD, 'quantity': 141.0}]",-0.0018661576914900113
2023-12-11 09:30:00-05:00,107843.3493347168,81828.8493347168,"[{'asset': GLD, 'quantity': 141.0}]",0.0
2023-12-11 09:30:00-05:00,107843.3493347168,81828.8493347168,"[{'asset': GLD, 'quantity': 141.0}]",0.0
2023-12-12 09:30:00-05:00,107750.28881835938,81828.8493347168,"[{'asset': GLD, 'quantity': 141.0}]",-0.0008629230910529584
2023-12-13 09:30:00-05:00,107747.47036743164,81828.8493347168,"[{'asset': GLD, 'quantity': 141.0}]",-2.615724708154854e-05
2023-12-14 09:30:00-05:00,108458.10942077637,81828.8493347168,"[{'asset': GLD, 'quantity': 141.0}]",0.006595412875321838
2023-12-15 09:30:00-05:00,108410.16993713379,81828.8493347168,"[{'asset': GLD, 'quantity': 141.0}]",-0.00044200921349824007
2023-12-16 09:30:00-05:00,108410.16993713379,81828.8493347168,"[{'asset': GLD, 'quantity': 141.0}]",0.0
2023-12-16 09:29:00-05:00,108410.16993713379,81828.8493347168,"[{'asset': GLD, 'quantity': 141.0}]",0.0
2023-12-18 08:30:00-05:00,108266.3493347168,81828.8493347168,"[{'asset': GLD, 'quantity': 141.0}]",-0.0013266338619374318
2023-12-18 09:30:00-05:00,108266.3493347168,81828.8493347168,"[{'asset': GLD, 'quantity': 141.0}]",0.0
2023-12-18 09:30:00-05:00,108266.3493347168,81828.8493347168,"[{'asset': GLD, 'quantity': 141.0}]",0.0
2023-12-19 09:30:00-05:00,108369.2787322998,81828.8493347168,"[{'asset': GLD, 'quantity': 141.0}]",0.0009507053504205221
2023-12-20 09:30:00-05:00,108434.13967895508,81828.8493347168,"[{'asset': GLD, 'quantity': 141.0}]",0.0005985178402405644
2023-12-21 09:30:00-05:00,108507.46028137207,81828.8493347168,"[{'asset': GLD, 'quantity': 141.0}]",0.0006761763650642294
2023-12-22 09:30:00-05:00,108844.4501953125,81828.8493347168,"[{'asset': GLD, 'quantity': 141.0}]",0.0031056842825976094
2023-12-23 09:30:00-05:00,108844.4501953125,81828.8493347168,"[{'asset': GLD, 'quantity': 141.0}]",0.0
2023-12-23 09:29:00-05:00,108844.4501953125,81828.8493347168,"[{'asset': GLD, 'quantity': 141.0}]",0.0
2023-12-26 08:30:00-05:00,108755.61950683594,81828.8493347168,"[{'asset': GLD, 'quantity': 141.0}]",-0.0008161251062149821
2023-12-26 09:30:00-05:00,108755.61950683594,81828.8493347168,"[{'asset': GLD, 'quantity': 141.0}]",0.0
2023-12-26 09:30:00-05:00,108755.61950683594,81828.8493347168,"[{'asset': GLD, 'quantity': 141.0}]",0.0
2023-12-27 09:30:00-05:00,108868.41993713379,81828.8493347168,"[{'asset': GLD, 'quantity': 141.0}]",0.0010371917406140074
2023-12-28 09:30:00-05:00,108948.78881835938,81828.8493347168,"[{'asset': GLD, 'quantity': 141.0}]",0.0007382203330588144
2023-12-29 09:30:00-05:00,108758.44010925293,81828.8493347168,"[{'asset': GLD, 'quantity': 141.0}]",-0.0017471392859979007
2023-12-30 09:30:00-05:00,108758.44010925293,81828.8493347168,"[{'asset': GLD, 'quantity': 141.0}]",0.0
2023-12-30 09:29:00-05:00,108758.44010925293,81828.8493347168,"[{'asset': GLD, 'quantity': 141.0}]",0.0
2024-01-02 08:30:00-05:00,108821.88967895508,81828.8493347168,"[{'asset': GLD, 'quantity': 141.0}]",0.0005833990413839363
2024-01-02 09:30:00-05:00,108821.88967895508,81828.8493347168,"[{'asset': GLD, 'quantity': 141.0}]",0.0
2024-01-02 09:30:00-05:00,108821.88967895508,81828.8493347168,"[{'asset': GLD, 'quantity': 141.0}]",0.0
2024-01-03 09:30:00-05:00,108445.41993713379,81828.8493347168,"[{'asset': GLD, 'quantity': 141.0}]",-0.0034595038087644747
2024-01-04 09:30:00-05:00,108489.12959289551,81828.8493347168,"[{'asset': GLD, 'quantity': 141.0}]",0.00040305672463669673
2024-01-05 09:30:00-05:00,108573.72830200195,81828.8493347168,"[{'asset': GLD, 'quantity': 141.0}]",0.0007797897303065682
2024-01-06 09:30:00-05:00,108573.72830200195,81828.8493347168,"[{'asset': GLD, 'quantity': 141.0}]",0.0
2024-01-06 09:29:00-05:00,108573.72830200195,81828.8493347168,"[{'asset': GLD, 'quantity': 141.0}]",0.0
2024-01-08 08:30:00-05:00,108225.46028137207,81828.8493347168,"[{'asset': GLD, 'quantity': 141.0}]",-0.003207663825093743
2024-01-08 09:30:00-05:00,108225.46028137207,81828.8493347168,"[{'asset': GLD, 'quantity': 141.0}]",0.0
2024-01-08 09:30:00-05:00,108225.46028137207,81828.8493347168,"[{'asset': GLD, 'quantity': 141.0}]",0.0
2024-01-09 09:30:00-05:00,108432.72830200195,81828.8493347168,"[{'asset': GLD, 'quantity': 141.0}]",0.0019151502806364906
2024-01-10 09:30:00-05:00,108356.58924865723,81828.8493347168,"[{'asset': GLD, 'quantity': 141.0}]",-0.000702177788358016
2024-01-11 09:30:00-05:00,108339.66993713379,81828.8493347168,"[{'asset': GLD, 'quantity': 141.0}]",-0.00015614474062686234
2024-01-12 09:30:00-05:00,108713.31907653809,81828.8493347168,"[{'asset': GLD, 'quantity': 141.0}]",0.0034488672489136896
2024-01-13 09:30:00-05:00,108713.31907653809,81828.8493347168,"[{'asset': GLD, 'quantity': 141.0}]",0.0
2024-01-13 09:29:00-05:00,108713.31907653809,81828.8493347168,"[{'asset': GLD, 'quantity': 141.0}]",0.0
2024-01-16 08:30:00-05:00,108498.9984741211,81828.8493347168,"[{'asset': GLD, 'quantity': 141.0}]",-0.0019714291150112473
2024-01-16 09:30:00-05:00,108498.9984741211,81828.8493347168,"[{'asset': GLD, 'quantity': 141.0}]",0.0
2024-01-16 09:30:00-05:00,108498.9984741211,81828.8493347168,"[{'asset': GLD, 'quantity': 141.0}]",0.0
2024-01-17 09:30:00-05:00,108239.55899047852,81828.8493347168,"[{'asset': GLD, 'quantity': 141.0}]",-0.0023911693867336714
2024-01-18 09:30:00-05:00,108105.60942077637,81828.8493347168,"[{'asset': GLD, 'quantity': 141.0}]",-0.0012375287829279324
2024-01-19 09:30:00-05:00,108373.50856018066,81828.8493347168,"[{'asset': GLD, 'quantity': 141.0}]",0.002478124316024788
2024-01-20 09:30:00-05:00,108373.50856018066,81828.8493347168,"[{'asset': GLD, 'quantity': 141.0}]",0.0
2024-01-20 09:29:00-05:00,108373.50856018066,81828.8493347168,"[{'asset': GLD, 'quantity': 141.0}]",0.0
2024-01-22 08:30:00-05:00,108228.2787322998,81828.8493347168,"[{'asset': GLD, 'quantity': 141.0}]",-0.0013400860580260465
2024-01-22 09:30:00-05:00,108228.2787322998,81828.8493347168,"[{'asset': GLD, 'quantity': 141.0}]",0.0
2024-01-22 09:30:00-05:00,108228.2787322998,81828.8493347168,"[{'asset': GLD, 'quantity': 141.0}]",0.0
2024-01-23 09:30:00-05:00,108259.29890441895,81828.8493347168,"[{'asset': GLD, 'quantity': 141.0}]",0.0002866179937672797
2024-01-24 09:30:00-05:00,108383.37959289551,81828.8493347168,"[{'asset': GLD, 'quantity': 141.0}]",0.001146143469727301
2024-01-25 09:30:00-05:00,108243.78881835938,81828.8493347168,"[{'asset': GLD, 'quantity': 141.0}]",-0.0012879352448729176
2024-01-26 09:30:00-05:00,108233.91993713379,81828.8493347168,"[{'asset': GLD, 'quantity': 141.0}]",-9.117272532044307e-05
2024-01-27 09:30:00-05:00,108233.91993713379,81828.8493347168,"[{'asset': GLD, 'quantity': 141.0}]",0.0
2024-01-27 09:29:00-05:00,108233.91993713379,81828.8493347168,"[{'asset': GLD, 'quantity': 141.0}]",0.0
2024-01-29 08:30:00-05:00,108380.55899047852,81828.8493347168,"[{'asset': GLD, 'quantity': 141.0}]",0.0013548345419800434
2024-01-29 09:30:00-05:00,108380.55899047852,81828.8493347168,"[{'asset': GLD, 'quantity': 141.0}]",0.0
2024-01-29 09:30:00-05:00,108380.55899047852,81828.8493347168,"[{'asset': GLD, 'quantity': 141.0}]",0.0
2024-01-30 09:30:00-05:00,108576.54890441895,81828.8493347168,"[{'asset': GLD, 'quantity': 141.0}]",0.0018083493549581053
2024-01-31 09:30:00-05:00,108530.01864624023,81828.8493347168,"[{'asset': GLD, 'quantity': 141.0}]",-0.0004285479567016637
2024-02-01 09:30:00-05:00,108577.96028137207,81828.8493347168,"[{'asset': GLD, 'quantity': 141.0}]",0.00044173617336329407
2024-02-02 09:30:00-05:00,108346.72036743164,81828.8493347168,"[{'asset': GLD, 'quantity': 141.0}]",-0.002129713188028126
2024-02-03 09:30:00-05:00,108346.72036743164,81828.8493347168,"[{'asset': GLD, 'quantity': 141.0}]",0.0
2024-02-03 09:29:00-05:00,108346.72036743164,81828.8493347168,"[{'asset': GLD, 'quantity': 141.0}]",0.0
2024-02-05 08:30:00-05:00,108178.93002319336,81828.8493347168,"[{'asset': GLD, 'quantity': 141.0}]",-0.0015486425769903889
2024-02-05 09:30:00-05:00,108178.93002319336,81828.8493347168,"[{'asset': GLD, 'quantity': 141.0}]",0.0
2024-02-05 09:30:00-05:00,108178.93002319336,81828.8493347168,"[{'asset': GLD, 'quantity': 141.0}]",0.0
2024-02-06 09:30:00-05:00,108328.38967895508,81828.8493347168,"[{'asset': GLD, 'quantity': 141.0}]",0.0013815967280290664
2024-02-07 09:30:00-05:00,108400.29890441895,81828.8493347168,"[{'asset': GLD, 'quantity': 141.0}]",0.0006638077578460244
2024-02-08 09:30:00-05:00,108324.15985107422,81828.8493347168,"[{'asset': GLD, 'quantity': 141.0}]",-0.0007023878542240514
2024-02-09 09:30:00-05:00,108274.80899047852,81828.8493347168,"[{'asset': GLD, 'quantity': 141.0}]",-0.0004555849836597181
2024-02-10 09:30:00-05:00,108274.80899047852,81828.8493347168,"[{'asset': GLD, 'quantity': 141.0}]",0.0
2024-02-10 09:29:00-05:00,108274.80899047852,81828.8493347168,"[{'asset': GLD, 'quantity': 141.0}]",0.0
2024-02-12 08:30:00-05:00,108139.4501953125,81828.8493347168,"[{'asset': GLD, 'quantity': 141.0}]",-0.0012501411586689493
2024-02-12 09:30:00-05:00,108139.4501953125,81828.8493347168,"[{'asset': GLD, 'quantity': 141.0}]",0.0
2024-02-12 09:30:00-05:00,108139.4501953125,81828.8493347168,"[{'asset': GLD, 'quantity': 141.0}]",0.0
2024-02-13 09:30:00-05:00,107963.2001953125,81828.8493347168,"[{'asset': GLD, 'quantity': 141.0}]",-0.0016298399860704693
2024-02-14 09:30:00-05:00,107810.91993713379,81828.8493347168,"[{'asset': GLD, 'quantity': 141.0}]",-0.001410482997014073
2024-02-15 09:30:00-05:00,107998.4501953125,81828.8493347168,"[{'asset': GLD, 'quantity': 141.0}]",0.0017394365829366265
2024-02-16 09:30:00-05:00,107925.12959289551,81828.8493347168,"[{'asset': GLD, 'quantity': 141.0}]",-0.0006789042091288611
2024-02-17 09:30:00-05:00,107925.12959289551,81828.8493347168,"[{'asset': GLD, 'quantity': 141.0}]",0.0
2024-02-17 09:29:00-05:00,107925.12959289551,81828.8493347168,"[{'asset': GLD, 'quantity': 141.0}]",0.0
2024-02-20 08:30:00-05:00,108331.21028137207,81828.8493347168,"[{'asset': GLD, 'quantity': 141.0}]",0.0037626147868281556
2024-02-20 09:30:00-05:00,108331.21028137207,81828.8493347168,"[{'asset': GLD, 'quantity': 141.0}]",0.0
2024-02-20 09:30:00-05:00,108331.21028137207,81828.8493347168,"[{'asset': GLD, 'quantity': 141.0}]",0.0
2024-02-21 09:30:00-05:00,108319.93002319336,81828.8493347168,"[{'asset': GLD, 'quantity': 141.0}]",-0.00010412750073973687
2024-02-22 09:30:00-05:00,108274.80899047852,81828.8493347168,"[{'asset': GLD, 'quantity': 141.0}]",-0.00041655337762114275
2024-02-23 09:30:00-05:00,108274.80899047852,81828.8493347168,"[{'asset': GLD, 'quantity': 141.0}]",0.0
2024-02-24 09:30:00-05:00,108274.80899047852,81828.8493347168,"[{'asset': GLD, 'quantity': 141.0}]",0.0
2024-02-24 09:29:00-05:00,108274.80899047852,81828.8493347168,"[{'asset': GLD, 'quantity': 141.0}]",0.0
2024-02-26 08:30:00-05:00,108307.23838806152,81828.8493347168,"[{'asset': GLD, 'quantity': 141.0}]",0.0002995100881300061
2024-02-26 09:30:00-05:00,108307.23838806152,81828.8493347168,"[{'asset': GLD, 'quantity': 141.0}]",0.0
2024-02-26 09:30:00-05:00,108307.23838806152,81828.8493347168,"[{'asset': GLD, 'quantity': 141.0}]",0.0
2024-02-27 09:30:00-05:00,108418.62959289551,81828.8493347168,"[{'asset': GLD, 'quantity': 141.0}]",0.0010284742413511072
2024-02-28 09:30:00-05:00,108384.78881835938,81828.8493347168,"[{'asset': GLD, 'quantity': 141.0}]",-0.0003121306242589439
2024-02-29 09:30:00-05:00,108568.08924865723,81828.8493347168,"[{'asset': GLD, 'quantity': 141.0}]",0.0016912006961147252
2024-03-01 09:30:00-05:00,108656.91993713379,81828.8493347168,"[{'asset': GLD, 'quantity': 141.0}]",0.0008182025592540221
2024-03-02 09:30:00-05:00,108656.91993713379,81828.8493347168,"[{'asset': GLD, 'quantity': 141.0}]",0.0
2024-03-02 09:29:00-05:00,108656.91993713379,81828.8493347168,"[{'asset': GLD, 'quantity': 141.0}]",0.0
2024-03-04 08:30:00-05:00,109203.9984741211,81828.8493347168,"[{'asset': GLD, 'quantity': 141.0}]",0.005034916665260125
2024-03-04 09:30:00-05:00,109203.9984741211,81828.8493347168,"[{'asset': GLD, 'quantity': 141.0}]",0.0
2024-03-04 09:30:00-05:00,109203.9984741211,81828.8493347168,"[{'asset': GLD, 'quantity': 141.0}]",0.0
2024-03-05 09:30:00-05:00,109667.88967895508,81828.8493347168,"[{'asset': GLD, 'quantity': 141.0}]",0.004247932413792732
2024-03-06 09:30:00-05:00,109758.12959289551,81828.8493347168,"[{'asset': GLD, 'quantity': 141.0}]",0.0008228471816553729
2024-03-07 09:30:00-05:00,109963.98838806152,81828.8493347168,"[{'asset': GLD, 'quantity': 141.0}]",0.0018755676315691527
2024-03-08 09:30:00-05:00,110154.33924865723,81828.8493347168,"[{'asset': GLD, 'quantity': 141.0}]",0.001731029070389356
2024-03-09 09:30:00-05:00,110154.33924865723,81828.8493347168,"[{'asset': GLD, 'quantity': 141.0}]",0.0
2024-03-09 09:29:00-05:00,110154.33924865723,81828.8493347168,"[{'asset': GLD, 'quantity': 141.0}]",0.0
2024-03-11 08:30:00-04:00,110269.96028137207,81828.8493347168,"[{'asset': GLD, 'quantity': 141.0}]",0.0010496275816593847
2024-03-11 09:30:00-04:00,110269.96028137207,81828.8493347168,"[{'asset': GLD, 'quantity': 141.0}]",0.0
2024-03-11 09:30:00-04:00,110269.96028137207,81828.8493347168,"[{'asset': GLD, 'quantity': 141.0}]",0.0
2024-03-12 09:30:00-04:00,110088.06907653809,81828.8493347168,"[{'asset': GLD, 'quantity': 141.0}]",-0.0016495082103036296
2024-03-13 09:30:00-04:00,110090.88967895508,81828.8493347168,"[{'asset': GLD, 'quantity': 141.0}]",2.5621327003566563e-05
2024-03-14 09:30:00-04:00,110081.01864624023,81828.8493347168,"[{'asset': GLD, 'quantity': 141.0}]",-8.96625755648639e-05
2024-03-15 09:30:00-04:00,110020.38967895508,81828.8493347168,"[{'asset': GLD, 'quantity': 141.0}]",-0.0005507667718809284
2024-03-16 09:30:00-04:00,110020.38967895508,81828.8493347168,"[{'asset': GLD, 'quantity': 141.0}]",0.0
2024-03-16 09:29:00-04:00,110020.38967895508,81828.8493347168,"[{'asset': GLD, 'quantity': 141.0}]",0.0
2024-03-18 08:30:00-04:00,109980.90985107422,81828.8493347168,"[{'asset': GLD, 'quantity': 141.0}]",-0.00035884101116223643
2024-03-18 09:30:00-04:00,109980.90985107422,81828.8493347168,"[{'asset': GLD, 'quantity': 141.0}]",0.0
2024-03-18 09:30:00-04:00,109980.90985107422,81828.8493347168,"[{'asset': GLD, 'quantity': 141.0}]",0.0
2024-03-19 09:30:00-04:00,109975.26864624023,81828.8493347168,"[{'asset': GLD, 'quantity': 141.0}]",-5.129258197289488e-05
2024-03-20 09:30:00-04:00,109910.40985107422,81828.8493347168,"[{'asset': GLD, 'quantity': 141.0}]",-0.0005897580061808849
2024-03-21 09:30:00-04:00,110575.93002319336,81828.8493347168,"[{'asset': GLD, 'quantity': 141.0}]",0.006055115007039813
2024-03-22 09:30:00-04:00,110214.97036743164,81828.8493347168,"[{'asset': GLD, 'quantity': 141.0}]",-0.0032643601160398106
2024-03-23 09:30:00-04:00,110214.97036743164,81828.8493347168,"[{'asset': GLD, 'quantity': 141.0}]",0.0
2024-03-23 09:29:00-04:00,110214.97036743164,81828.8493347168,"[{'asset': GLD, 'quantity': 141.0}]",0.0
2024-03-25 08:30:00-04:00,110196.63967895508,81828.8493347168,"[{'asset': GLD, 'quantity': 141.0}]",-0.0001663175920244564
2024-03-25 09:30:00-04:00,110196.63967895508,81828.8493347168,"[{'asset': GLD, 'quantity': 141.0}]",0.0
2024-03-25 09:30:00-04:00,110196.63967895508,81828.8493347168,"[{'asset': GLD, 'quantity': 141.0}]",0.0
2024-03-26 09:30:00-04:00,110402.4984741211,81828.8493347168,"[{'asset': GLD, 'quantity': 141.0}]",0.0018681041070378601
2024-03-27 09:30:00-04:00,110355.97036743164,81828.8493347168,"[{'asset': GLD, 'quantity': 141.0}]",-0.00042144070408300927
2024-03-28 09:30:00-04:00,110668.98838806152,81828.8493347168,"[{'asset': GLD, 'quantity': 141.0}]",0.002836439384182654
2024-03-29 09:30:00-04:00,110668.98838806152,81828.8493347168,"[{'asset': GLD, 'quantity': 141.0}]",0.0
2024-03-29 09:29:00-04:00,110668.98838806152,81828.8493347168,"[{'asset': GLD, 'quantity': 141.0}]",0.0
2024-04-01 08:30:00-04:00,111252.72830200195,81828.8493347168,"[{'asset': GLD, 'quantity': 141.0}]",0.005274647599502247
2024-04-01 09:30:00-04:00,111252.72830200195,81828.8493347168,"[{'asset': GLD, 'quantity': 141.0}]",0.0
2024-04-01 09:30:00-04:00,111252.72830200195,81828.8493347168,"[{'asset': GLD, 'quantity': 141.0}]",0.0
2024-04-02 09:30:00-04:00,111307.72036743164,81828.8493347168,"[{'asset': GLD, 'quantity': 141.0}]",0.000494298578282093
2024-04-03 09:30:00-04:00,111519.22036743164,81828.8493347168,"[{'asset': GLD, 'quantity': 141.0}]",0.0019001377379919138
2024-04-04 09:30:00-04:00,111720.8493347168,81828.8493347168,"[{'asset': GLD, 'quantity': 141.0}]",0.001808019878733358
2024-04-05 09:30:00-04:00,111789.94010925293,81828.8493347168,"[{'asset': GLD, 'quantity': 141.0}]",0.000618423283993641
2024-04-06 09:30:00-04:00,111789.94010925293,81828.8493347168,"[{'asset': GLD, 'quantity': 141.0}]",0.0
2024-04-06 09:29:00-04:00,111789.94010925293,81828.8493347168,"[{'asset': GLD, 'quantity': 141.0}]",0.0
2024-04-08 08:30:00-04:00,112282.0287322998,81828.8493347168,"[{'asset': GLD, 'quantity': 141.0}]",0.004401904344576657
2024-04-08 09:30:00-04:00,112282.0287322998,81828.8493347168,"[{'asset': GLD, 'quantity': 141.0}]",0.0
2024-04-08 09:30:00-04:00,112282.0287322998,81828.8493347168,"[{'asset': GLD, 'quantity': 141.0}]",0.0
2024-04-09 09:30:00-04:00,112540.05899047852,81828.8493347168,"[{'asset': GLD, 'quantity': 141.0}]",0.002298054827579721
2024-04-10 09:30:00-04:00,112196.01864624023,81828.8493347168,"[{'asset': GLD, 'quantity': 141.0}]",-0.0030570478398930234
2024-04-11 09:30:00-04:00,112404.7001953125,81828.8493347168,"[{'asset': GLD, 'quantity': 141.0}]",0.0018599728545649619
2024-04-12 09:30:00-04:00,113112.51864624023,81828.8493347168,"[{'asset': GLD, 'quantity': 141.0}]",0.006297053857159396
2024-04-13 09:30:00-04:00,113112.51864624023,81828.8493347168,"[{'asset': GLD, 'quantity': 141.0}]",0.0
2024-04-13 09:29:00-04:00,113112.51864624023,81828.8493347168,"[{'asset': GLD, 'quantity': 141.0}]",0.0
2024-04-15 08:30:00-04:00,112558.38967895508,81828.8493347168,"[{'asset': GLD, 'quantity': 141.0}]",-0.0048989181207979016
2024-04-15 09:30:00-04:00,112558.38967895508,81828.8493347168,"[{'asset': GLD, 'quantity': 141.0}]",0.0
2024-04-15 09:30:00-04:00,112558.38967895508,81828.8493347168,"[{'asset': GLD, 'quantity': 141.0}]",0.0
2024-04-16 09:30:00-04:00,112874.22830200195,81828.8493347168,"[{'asset': GLD, 'quantity': 141.0}]",0.002805998059742354
2024-04-17 09:30:00-04:00,112996.89976501465,81828.8493347168,"[{'asset': GLD, 'quantity': 141.0}]",0.0010867978001540823
2024-04-18 09:30:00-04:00,113033.55899047852,81828.8493347168,"[{'asset': GLD, 'quantity': 141.0}]",0.00032442682533861955
2024-04-19 09:30:00-04:00,112917.94010925293,81828.8493347168,"[{'asset': GLD, 'quantity': 141.0}]",-0.0010228721652064676
2024-04-20 09:30:00-04:00,112917.94010925293,81828.8493347168,"[{'asset': GLD, 'quantity': 141.0}]",0.0
2024-04-20 09:29:00-04:00,112917.94010925293,81828.8493347168,"[{'asset': GLD, 'quantity': 141.0}]",0.0
2024-04-22 08:30:00-04:00,112334.2001953125,81828.8493347168,"[{'asset': GLD, 'quantity': 141.0}]",-0.0051695940731441015
2024-04-22 09:30:00-04:00,112334.2001953125,81828.8493347168,"[{'asset': GLD, 'quantity': 141.0}]",0.0
2024-04-22 09:30:00-04:00,112334.2001953125,81828.8493347168,"[{'asset': GLD, 'quantity': 141.0}]",0.0
2024-04-23 09:30:00-04:00,111997.21028137207,81828.8493347168,"[{'asset': GLD, 'quantity': 141.0}]",-0.0029998870633743957
2024-04-24 09:30:00-04:00,112110.00856018066,81828.8493347168,"[{'asset': GLD, 'quantity': 141.0}]",0.0010071525757222588
2024-04-25 09:30:00-04:00,112069.11950683594,81828.8493347168,"[{'asset': GLD, 'quantity': 141.0}]",-0.00036472259586683986
2024-04-26 09:30:00-04:00,112393.41993713379,81828.8493347168,"[{'asset': GLD, 'quantity': 141.0}]",0.002893753709540592
2024-04-27 09:30:00-04:00,112393.41993713379,81828.8493347168,"[{'asset': GLD, 'quantity': 141.0}]",0.0
2024-04-27 09:29:00-04:00,112393.41993713379,81828.8493347168,"[{'asset': GLD, 'quantity': 141.0}]",0.0
2024-04-29 08:30:00-04:00,112287.66993713379,81828.8493347168,"[{'asset': GLD, 'quantity': 141.0}]",-0.0009408913801105534
2024-04-29 09:30:00-04:00,112287.66993713379,81828.8493347168,"[{'asset': GLD, 'quantity': 141.0}]",0.0
2024-04-29 09:30:00-04:00,112287.66993713379,81828.8493347168,"[{'asset': GLD, 'quantity': 141.0}]",0.0
2024-04-30 09:30:00-04:00,111915.43002319336,81828.8493347168,"[{'asset': GLD, 'quantity': 141.0}]",-0.0033150559999048923
2024-05-01 09:30:00-04:00,111856.21028137207,81828.8493347168,"[{'asset': GLD, 'quantity': 141.0}]",-0.0005291472481410153
2024-05-02 09:30:00-04:00,111706.7484741211,81828.8493347168,"[{'asset': GLD, 'quantity': 141.0}]",-0.0013361958792901252
2024-05-03 09:30:00-04:00,111846.33924865723,81828.8493347168,"[{'asset': GLD, 'quantity': 141.0}]",0.001249618097768579
2024-05-04 09:30:00-04:00,111846.33924865723,81828.8493347168,"[{'asset': GLD, 'quantity': 141.0}]",0.0
2024-05-04 09:29:00-04:00,111846.33924865723,81828.8493347168,"[{'asset': GLD, 'quantity': 141.0}]",0.0
2024-05-06 08:30:00-04:00,112163.58924865723,81828.8493347168,"[{'asset': GLD, 'quantity': 141.0}]",0.0028364808551730736
2024-05-06 09:30:00-04:00,112163.58924865723,81828.8493347168,"[{'asset': GLD, 'quantity': 141.0}]",0.0
2024-05-06 09:30:00-04:00,112163.58924865723,81828.8493347168,"[{'asset': GLD, 'quantity': 141.0}]",0.0
2024-05-07 09:30:00-04:00,112076.16993713379,81828.8493347168,"[{'asset': GLD, 'quantity': 141.0}]",-0.0007793911741682535
2024-05-08 09:30:00-04:00,111949.26864624023,81828.8493347168,"[{'asset': GLD, 'quantity': 141.0}]",-0.0011322771911703722
2024-05-09 09:30:00-04:00,112070.5287322998,81828.8493347168,"[{'asset': GLD, 'quantity': 141.0}]",0.0010831699708797604
2024-05-10 09:30:00-04:00,112738.86950683594,81828.8493347168,"[{'asset': GLD, 'quantity': 141.0}]",0.005963572957994989
2024-05-11 09:30:00-04:00,112738.86950683594,81828.8493347168,"[{'asset': GLD, 'quantity': 141.0}]",0.0
2024-05-11 09:29:00-04:00,112738.86950683594,81828.8493347168,"[{'asset': GLD, 'quantity': 141.0}]",0.0
2024-05-13 08:30:00-04:00,112434.30899047852,81828.8493347168,"[{'asset': GLD, 'quantity': 141.0}]",-0.002701468603416801
2024-05-13 09:30:00-04:00,112434.30899047852,81828.8493347168,"[{'asset': GLD, 'quantity': 141.0}]",0.0
2024-05-13 09:30:00-04:00,112434.30899047852,81828.8493347168,"[{'asset': GLD, 'quantity': 141.0}]",0.0
2024-05-14 09:30:00-04:00,112469.55899047852,81828.8493347168,"[{'asset': GLD, 'quantity': 141.0}]",0.00031351640185728336
2024-05-15 09:30:00-04:00,112716.30899047852,81828.8493347168,"[{'asset': GLD, 'quantity': 141.0}]",0.002193926980907701
2024-05-16 09:30:00-04:00,112868.58924865723,81828.8493347168,"[{'asset': GLD, 'quantity': 141.0}]",0.0013510046553384392
2024-05-17 09:30:00-04:00,113156.22830200195,81828.8493347168,"[{'asset': GLD, 'quantity': 141.0}]",0.002548442000201101
2024-05-18 09:30:00-04:00,113156.22830200195,81828.8493347168,"[{'asset': GLD, 'quantity': 141.0}]",0.0
2024-05-18 09:29:00-04:00,113156.22830200195,81828.8493347168,"[{'asset': GLD, 'quantity': 141.0}]",0.0
2024-05-20 08:30:00-04:00,113383.23838806152,81828.8493347168,"[{'asset': GLD, 'quantity': 141.0}]",0.0020061651883067633
2024-05-20 09:30:00-04:00,113383.23838806152,81828.8493347168,"[{'asset': GLD, 'quantity': 141.0}]",0.0
2024-05-20 09:30:00-04:00,113383.23838806152,81828.8493347168,"[{'asset': GLD, 'quantity': 141.0}]",0.0
2024-05-21 09:30:00-04:00,113521.41993713379,81828.8493347168,"[{'asset': GLD, 'quantity': 141.0}]",0.0012187123161830904
2024-05-22 09:30:00-04:00,113284.53881835938,81828.8493347168,"[{'asset': GLD, 'quantity': 141.0}]",-0.002086664515873693
2024-05-23 09:30:00-04:00,112676.82916259766,81828.8493347168,"[{'asset': GLD, 'quantity': 141.0}]",-0.0053644536324247705
2024-05-24 09:30:00-04:00,112420.21028137207,81828.8493347168,"[{'asset': GLD, 'quantity': 141.0}]",-0.002277476950077073
2024-05-25 09:30:00-04:00,112420.21028137207,81828.8493347168,"[{'asset': GLD, 'quantity': 141.0}]",0.0
2024-05-25 09:29:00-04:00,112420.21028137207,81828.8493347168,"[{'asset': GLD, 'quantity': 141.0}]",0.0
2024-05-28 08:30:00-04:00,112627.47830200195,81828.8493347168,"[{'asset': GLD, 'quantity': 141.0}]",0.0018436900278973045
2024-05-28 09:30:00-04:00,112627.47830200195,81828.8493347168,"[{'asset': GLD, 'quantity': 141.0}]",0.0
2024-05-28 09:30:00-04:00,112627.47830200195,81828.8493347168,"[{'asset': GLD, 'quantity': 141.0}]",0.0
2024-05-29 09:30:00-04:00,112414.56907653809,81828.8493347168,"[{'asset': GLD, 'quantity': 141.0}]",-0.0018903843775402995
2024-05-30 09:30:00-04:00,112382.13967895508,81828.8493347168,"[{'asset': GLD, 'quantity': 141.0}]",-0.00028848037980666597
2024-05-31 09:30:00-04:00,112534.41993713379,81828.8493347168,"[{'asset': GLD, 'quantity': 141.0}]",0.0013550218799334157
2024-06-01 09:30:00-04:00,112534.41993713379,81828.8493347168,"[{'asset': GLD, 'quantity': 141.0}]",0.0
2024-06-01 09:29:00-04:00,112534.41993713379,81828.8493347168,"[{'asset': GLD, 'quantity': 141.0}]",0.0
2024-06-03 08:30:00-04:00,112273.56907653809,81828.8493347168,"[{'asset': GLD, 'quantity': 141.0}]",-0.0023179651233944387
2024-06-03 09:30:00-04:00,112273.56907653809,81828.8493347168,"[{'asset': GLD, 'quantity': 141.0}]",0.0
2024-06-03 09:30:00-04:00,112273.56907653809,81828.8493347168,"[{'asset': GLD, 'quantity': 141.0}]",0.0
2024-06-04 09:30:00-04:00,112318.69010925293,81828.8493347168,"[{'asset': GLD, 'quantity': 141.0}]",0.0004018847275095716
2024-06-05 09:30:00-04:00,112382.13967895508,81828.8493347168,"[{'asset': GLD, 'quantity': 141.0}]",0.0005649066031703232
2024-06-06 09:30:00-04:00,112617.60942077637,81828.8493347168,"[{'asset': GLD, 'quantity': 141.0}]",0.002095259464661936
2024-06-07 09:30:00-04:00,112153.72036743164,81828.8493347168,"[{'asset': GLD, 'quantity': 141.0}]",-0.004119152020102712
2024-06-08 09:30:00-04:00,112153.72036743164,81828.8493347168,"[{'asset': GLD, 'quantity': 141.0}]",0.0
2024-06-08 09:29:00-04:00,112153.72036743164,81828.8493347168,"[{'asset': GLD, 'quantity': 141.0}]",0.0
2024-06-10 08:30:00-04:00,111880.18002319336,81828.8493347168,"[{'asset': GLD, 'quantity': 141.0}]",-0.002438976998196063
2024-06-10 09:30:00-04:00,111880.18002319336,81828.8493347168,"[{'asset': GLD, 'quantity': 141.0}]",0.0
2024-06-10 09:30:00-04:00,111880.18002319336,81828.8493347168,"[{'asset': GLD, 'quantity': 141.0}]",0.0
2024-06-11 09:30:00-04:00,111995.79890441895,81828.8493347168,"[{'asset': GLD, 'quantity': 141.0}]",0.0010334170109631557
2024-06-12 09:30:00-04:00,112351.11950683594,81828.8493347168,"[{'asset': GLD, 'quantity': 141.0}]",0.003172624383172007
2024-06-13 09:30:00-04:00,112064.88967895508,81828.8493347168,"[{'asset': GLD, 'quantity': 141.0}]",-0.0025476366335934753
2024-06-14 09:30:00-04:00,112191.78881835938,81828.8493347168,"[{'asset': GLD, 'quantity': 141.0}]",0.0011323719656337605
2024-06-15 09:30:00-04:00,112191.78881835938,81828.8493347168,"[{'asset': GLD, 'quantity': 141.0}]",0.0
2024-06-15 09:29:00-04:00,112191.78881835938,81828.8493347168,"[{'asset': GLD, 'quantity': 141.0}]",0.0
2024-06-17 08:30:00-04:00,112129.7484741211,81828.8493347168,"[{'asset': GLD, 'quantity': 141.0}]",-0.0005529847138699973
2024-06-17 09:30:00-04:00,112129.7484741211,81828.8493347168,"[{'asset': GLD, 'quantity': 141.0}]",0.0
2024-06-17 09:30:00-04:00,112129.7484741211,81828.8493347168,"[{'asset': GLD, 'quantity': 141.0}]",0.0
2024-06-18 09:30:00-04:00,112056.43002319336,81828.8493347168,"[{'asset': GLD, 'quantity': 141.0}]",-0.0006538715365499437
2024-06-19 09:30:00-04:00,112056.43002319336,81828.8493347168,"[{'asset': GLD, 'quantity': 141.0}]",0.0
2024-06-19 09:29:00-04:00,112056.43002319336,81828.8493347168,"[{'asset': GLD, 'quantity': 141.0}]",0.0
2024-06-20 08:30:00-04:00,112329.97036743164,81828.8493347168,"[{'asset': GLD, 'quantity': 141.0}]",0.0024410945822712637
2024-06-20 09:30:00-04:00,112329.97036743164,81828.8493347168,"[{'asset': GLD, 'quantity': 141.0}]",0.0
2024-06-20 09:30:00-04:00,112329.97036743164,81828.8493347168,"[{'asset': GLD, 'quantity': 141.0}]",0.0
2024-06-21 09:30:00-04:00,112542.87959289551,81828.8493347168,"[{'asset': GLD, 'quantity': 141.0}]",0.0018953910943575458
2024-06-22 09:30:00-04:00,112542.87959289551,81828.8493347168,"[{'asset': GLD, 'quantity': 141.0}]",0.0
2024-06-22 09:29:00-04:00,112542.87959289551,81828.8493347168,"[{'asset': GLD, 'quantity': 141.0}]",0.0
2024-06-24 08:30:00-04:00,112221.39976501465,81828.8493347168,"[{'asset': GLD, 'quantity': 141.0}]",-0.002856509705845056
2024-06-24 09:30:00-04:00,112221.39976501465,81828.8493347168,"[{'asset': GLD, 'quantity': 141.0}]",0.0
2024-06-24 09:30:00-04:00,112221.39976501465,81828.8493347168,"[{'asset': GLD, 'quantity': 141.0}]",0.0
2024-06-25 09:30:00-04:00,112138.21028137207,81828.8493347168,"[{'asset': GLD, 'quantity': 141.0}]",-0.0007412978613416943
2024-06-26 09:30:00-04:00,111775.83924865723,81828.8493347168,"[{'asset': GLD, 'quantity': 141.0}]",-0.00323146795196394
2024-06-27 09:30:00-04:00,112102.96028137207,81828.8493347168,"[{'asset': GLD, 'quantity': 141.0}]",0.002926580868582329
2024-06-28 09:30:00-04:00,112234.08924865723,81828.8493347168,"[{'asset': GLD, 'quantity': 141.0}]",0.0011697190418167303
2024-06-29 09:30:00-04:00,112234.08924865723,81828.8493347168,"[{'asset': GLD, 'quantity': 141.0}]",0.0
2024-06-29 09:29:00-04:00,112234.08924865723,81828.8493347168,"[{'asset': GLD, 'quantity': 141.0}]",0.0
2024-07-01 08:30:00-04:00,112179.0993347168,81828.8493347168,"[{'asset': GLD, 'quantity': 141.0}]",-0.0004899573232032273
2024-07-01 09:30:00-04:00,112179.0993347168,81828.8493347168,"[{'asset': GLD, 'quantity': 141.0}]",0.0
2024-07-01 09:30:00-04:00,112179.0993347168,81828.8493347168,"[{'asset': GLD, 'quantity': 141.0}]",0.0
2024-07-02 09:30:00-04:00,112190.37959289551,81828.8493347168,"[{'asset': GLD, 'quantity': 141.0}]",0.00010055579199352849
2024-07-03 09:30:00-04:00,112473.78881835938,81828.8493347168,"[{'asset': GLD, 'quantity': 141.0}]",0.0025261455259557586
2024-07-04 09:30:00-04:00,112473.78881835938,81828.8493347168,"[{'asset': GLD, 'quantity': 141.0}]",0.0
2024-07-04 09:29:00-04:00,112473.78881835938,81828.8493347168,"[{'asset': GLD, 'quantity': 141.0}]",0.0
2024-07-05 08:30:00-04:00,112789.62959289551,81828.8493347168,"[{'asset': GLD, 'quantity': 141.0}]",0.0028081278123048836
2024-07-05 09:30:00-04:00,112789.62959289551,81828.8493347168,"[{'asset': GLD, 'quantity': 141.0}]",0.0
2024-07-05 09:30:00-04:00,112789.62959289551,81828.8493347168,"[{'asset': GLD, 'quantity': 141.0}]",0.0
2024-07-06 09:30:00-04:00,112789.62959289551,81828.8493347168,"[{'asset': GLD, 'quantity': 141.0}]",0.0
2024-07-06 09:29:00-04:00,112789.62959289551,81828.8493347168,"[{'asset': GLD, 'quantity': 141.0}]",0.0
2024-07-08 08:30:00-04:00,112798.08924865723,81828.8493347168,"[{'asset': GLD, 'quantity': 141.0}]",7.500384381309289e-05
2024-07-08 09:30:00-04:00,112798.08924865723,81828.8493347168,"[{'asset': GLD, 'quantity': 141.0}]",0.0
2024-07-08 09:30:00-04:00,112798.08924865723,81828.8493347168,"[{'asset': GLD, 'quantity': 141.0}]",0.0
2024-07-09 09:30:00-04:00,112647.22036743164,81828.8493347168,"[{'asset': GLD, 'quantity': 141.0}]",-0.0013375127382965202
2024-07-10 09:30:00-04:00,112868.58924865723,81828.8493347168,"[{'asset': GLD, 'quantity': 141.0}]",0.001965151741015303
2024-07-11 09:30:00-04:00,113222.4984741211,81828.8493347168,"[{'asset': GLD, 'quantity': 141.0}]",0.0031355865065716415
2024-07-12 09:30:00-04:00,113135.07916259766,81828.8493347168,"[{'asset': GLD, 'quantity': 141.0}]",-0.000772101947065007
2024-07-13 09:30:00-04:00,113135.07916259766,81828.8493347168,"[{'asset': GLD, 'quantity': 141.0}]",0.0
2024-07-13 09:29:00-04:00,113135.07916259766,81828.8493347168,"[{'asset': GLD, 'quantity': 141.0}]",0.0
2024-07-15 08:30:00-04:00,113326.83924865723,81828.8493347168,"[{'asset': GLD, 'quantity': 141.0}]",0.0016949657655163097
2024-07-15 09:30:00-04:00,113326.83924865723,81828.8493347168,"[{'asset': GLD, 'quantity': 141.0}]",0.0
2024-07-15 09:30:00-04:00,113326.83924865723,81828.8493347168,"[{'asset': GLD, 'quantity': 141.0}]",0.0
2024-07-16 09:30:00-04:00,113617.29890441895,81828.8493347168,"[{'asset': GLD, 'quantity': 141.0}]",0.0025630261788596176
2024-07-17 09:30:00-04:00,114088.23838806152,81828.8493347168,"[{'asset': GLD, 'quantity': 141.0}]",0.0041449628549852235
2024-07-18 09:30:00-04:00,113935.96028137207,81828.8493347168,"[{'asset': GLD, 'quantity': 141.0}]",-0.0013347397491710877
2024-07-19 09:30:00-04:00,113063.16993713379,81828.8493347168,"[{'asset': GLD, 'quantity': 141.0}]",-0.0076603588725006055
2024-07-20 09:30:00-04:00,113063.16993713379,81828.8493347168,"[{'asset': GLD, 'quantity': 141.0}]",0.0
2024-07-20 09:29:00-04:00,113063.16993713379,81828.8493347168,"[{'asset': GLD, 'quantity': 141.0}]",0.0
2024-07-22 08:30:00-04:00,113071.62959289551,81828.8493347168,"[{'asset': GLD, 'quantity': 141.0}]",7.482238262390695e-05
2024-07-22 09:30:00-04:00,113071.62959289551,81828.8493347168,"[{'asset': GLD, 'quantity': 141.0}]",0.0
2024-07-22 09:30:00-04:00,113071.62959289551,81828.8493347168,"[{'asset': GLD, 'quantity': 141.0}]",0.0
2024-07-23 09:30:00-04:00,113178.78881835938,81828.8493347168,"[{'asset': GLD, 'quantity': 141.0}]",0.0009477109850604126
2024-07-24 09:30:00-04:00,113338.11950683594,81828.8493347168,"[{'asset': GLD, 'quantity': 141.0}]",0.0014077787025295052
2024-07-25 09:30:00-04:00,112710.66993713379,81828.8493347168,"[{'asset': GLD, 'quantity': 141.0}]",-0.00553608593853816
2024-07-26 09:30:00-04:00,112843.21028137207,81828.8493347168,"[{'asset': GLD, 'quantity': 141.0}]",0.0011759343131596545
2024-07-27 09:30:00-04:00,112843.21028137207,81828.8493347168,"[{'asset': GLD, 'quantity': 141.0}]",0.0
2024-07-27 09:29:00-04:00,112843.21028137207,81828.8493347168,"[{'asset': GLD, 'quantity': 141.0}]",0.0
2024-07-29 08:30:00-04:00,113026.50856018066,81828.8493347168,"[{'asset': GLD, 'quantity': 141.0}]",0.0016243624968799164
2024-07-29 09:30:00-04:00,113026.50856018066,81828.8493347168,"[{'asset': GLD, 'quantity': 141.0}]",0.0
2024-07-29 09:30:00-04:00,113026.50856018066,81828.8493347168,"[{'asset': GLD, 'quantity': 141.0}]",0.0
2024-07-30 09:30:00-04:00,113047.65985107422,81828.8493347168,"[{'asset': GLD, 'quantity': 141.0}]",0.0001871356654556955
2024-07-31 09:30:00-04:00,113374.7787322998,81828.8493347168,"[{'asset': GLD, 'quantity': 141.0}]",0.0028936369108083504
2024-08-01 09:30:00-04:00,113799.19010925293,81828.8493347168,"[{'asset': GLD, 'quantity': 141.0}]",0.0037434373120608377
2024-08-02 09:30:00-04:00,113969.79890441895,81828.8493347168,"[{'asset': GLD, 'quantity': 141.0}]",0.0014992092211045804
2024-08-03 09:30:00-04:00,113969.79890441895,81828.8493347168,"[{'asset': GLD, 'quantity': 141.0}]",0.0
2024-08-03 09:29:00-04:00,113969.79890441895,81828.8493347168,"[{'asset': GLD, 'quantity': 141.0}]",0.0
2024-08-05 08:30:00-04:00,112927.80899047852,81828.8493347168,"[{'asset': GLD, 'quantity': 141.0}]",-0.009142684500253462
2024-08-05 09:30:00-04:00,112927.80899047852,81828.8493347168,"[{'asset': GLD, 'quantity': 141.0}]",0.0
2024-08-05 09:30:00-04:00,112927.80899047852,81828.8493347168,"[{'asset': GLD, 'quantity': 141.0}]",0.0
2024-08-06 09:30:00-04:00,113060.3493347168,81828.8493347168,"[{'asset': GLD, 'quantity': 141.0}]",0.0011736732114360215
2024-08-07 09:30:00-04:00,113122.38967895508,81828.8493347168,"[{'asset': GLD, 'quantity': 141.0}]",0.0005487365341019235
2024-08-08 09:30:00-04:00,113233.7787322998,81828.8493347168,"[{'asset': GLD, 'quantity': 141.0}]",0.0009846773362978123
2024-08-09 09:30:00-04:00,113528.47036743164,81828.8493347168,"[{'asset': GLD, 'quantity': 141.0}]",0.00260250641134685
2024-08-10 09:30:00-04:00,113528.47036743164,81828.8493347168,"[{'asset': GLD, 'quantity': 141.0}]",0.0
2024-08-10 09:29:00-04:00,113528.47036743164,81828.8493347168,"[{'asset': GLD, 'quantity': 141.0}]",0.0
2024-08-12 08:30:00-04:00,113714.58924865723,81828.8493347168,"[{'asset': GLD, 'quantity': 141.0}]",0.0016394027033326264
2024-08-12 09:30:00-04:00,113714.58924865723,81828.8493347168,"[{'asset': GLD, 'quantity': 141.0}]",0.0
2024-08-12 09:30:00-04:00,113714.58924865723,81828.8493347168,"[{'asset': GLD, 'quantity': 141.0}]",0.0
2024-08-13 09:30:00-04:00,113986.72036743164,81828.8493347168,"[{'asset': GLD, 'quantity': 141.0}]",0.0023931064656914636
2024-08-14 09:30:00-04:00,113772.39976501465,81828.8493347168,"[{'asset': GLD, 'quantity': 141.0}]",-0.0018802243079381054
2024-08-15 09:30:00-04:00,113766.75856018066,81828.8493347168,"[{'asset': GLD, 'quantity': 141.0}]",-4.958324554671378e-05
2024-08-16 09:30:00-04:00,114257.44010925293,81828.8493347168,"[{'asset': GLD, 'quantity': 141.0}]",0.004313048515069529
2024-08-17 09:30:00-04:00,114257.44010925293,81828.8493347168,"[{'asset': GLD, 'quantity': 141.0}]",0.0
2024-08-17 09:29:00-04:00,114257.44010925293,81828.8493347168,"[{'asset': GLD, 'quantity': 141.0}]",0.0
2024-08-19 08:30:00-04:00,114279.9984741211,81828.8493347168,"[{'asset': GLD, 'quantity': 141.0}]",0.00019743453771225994
2024-08-19 09:30:00-04:00,114279.9984741211,81828.8493347168,"[{'asset': GLD, 'quantity': 141.0}]",0.0
2024-08-19 09:30:00-04:00,114279.9984741211,81828.8493347168,"[{'asset': GLD, 'quantity': 141.0}]",0.0
2024-08-20 09:30:00-04:00,114781.96028137207,81828.8493347168,"[{'asset': GLD, 'quantity': 141.0}]",0.004392385491365225
2024-08-21 09:30:00-04:00,114497.13967895508,81828.8493347168,"[{'asset': GLD, 'quantity': 141.0}]",-0.0024814056295849873
2024-08-22 09:30:00-04:00,114308.2001953125,81828.8493347168,"[{'asset': GLD, 'quantity': 141.0}]",-0.0016501677174849405
2024-08-23 09:30:00-04:00,114405.48838806152,81828.8493347168,"[{'asset': GLD, 'quantity': 141.0}]",0.0008511042303420702
2024-08-24 09:30:00-04:00,114405.48838806152,81828.8493347168,"[{'asset': GLD, 'quantity': 141.0}]",0.0
2024-08-24 09:29:00-04:00,114405.48838806152,81828.8493347168,"[{'asset': GLD, 'quantity': 141.0}]",0.0
2024-08-26 08:30:00-04:00,114745.29890441895,81828.8493347168,"[{'asset': GLD, 'quantity': 141.0}]",0.002970229148489656
2024-08-26 09:30:00-04:00,114745.29890441895,81828.8493347168,"[{'asset': GLD, 'quantity': 141.0}]",0.0
2024-08-26 09:30:00-04:00,114745.29890441895,81828.8493347168,"[{'asset': GLD, 'quantity': 141.0}]",0.0
2024-08-27 09:30:00-04:00,114497.13967895508,81828.8493347168,"[{'asset': GLD, 'quantity': 141.0}]",-0.002162696230985306
2024-08-28 09:30:00-04:00,114540.8493347168,81828.8493347168,"[{'asset': GLD, 'quantity': 141.0}]",0.0003817532550094427
2024-08-29 09:30:00-04:00,114533.79890441895,81828.8493347168,"[{'asset': GLD, 'quantity': 141.0}]",-6.155385034078975e-05
2024-08-30 09:30:00-04:00,114615.57916259766,81828.8493347168,"[{'asset': GLD, 'quantity': 141.0}]",0.0007140272911663192
2024-08-31 09:30:00-04:00,114615.57916259766,81828.8493347168,"[{'asset': GLD, 'quantity': 141.0}]",0.0
2024-08-31 09:29:00-04:00,114615.57916259766,81828.8493347168,"[{'asset': GLD, 'quantity': 141.0}]",0.0
2024-09-03 08:30:00-04:00,114312.43002319336,81828.8493347168,"[{'asset': GLD, 'quantity': 141.0}]",-0.0026449208878859265
2024-09-03 09:30:00-04:00,114312.43002319336,81828.8493347168,"[{'asset': GLD, 'quantity': 141.0}]",0.0
2024-09-03 09:30:00-04:00,114312.43002319336,81828.8493347168,"[{'asset': GLD, 'quantity': 141.0}]",0.0
2024-09-04 09:30:00-04:00,114229.23838806152,81828.8493347168,"[{'asset': GLD, 'quantity': 141.0}]",-0.0007277566850337758
2024-09-05 09:30:00-04:00,114642.36950683594,81828.8493347168,"[{'asset': GLD, 'quantity': 141.0}]",0.003616684524945457
2024-09-06 09:30:00-04:00,114516.87959289551,81828.8493347168,"[{'asset': GLD, 'quantity': 141.0}]",-0.0010946207277489073
2024-09-07 09:30:00-04:00,114516.87959289551,81828.8493347168,"[{'asset': GLD, 'quantity': 141.0}]",0.0
2024-09-07 09:29:00-04:00,114516.87959289551,81828.8493347168,"[{'asset': GLD, 'quantity': 141.0}]",0.0
2024-09-09 08:30:00-04:00,114436.50856018066,81828.8493347168,"[{'asset': GLD, 'quantity': 141.0}]",-0.0007018269533762833
2024-09-09 09:30:00-04:00,114436.50856018066,81828.8493347168,"[{'asset': GLD, 'quantity': 141.0}]",0.0
2024-09-09 09:30:00-04:00,114436.50856018066,81828.8493347168,"[{'asset': GLD, 'quantity': 141.0}]",0.0
2024-09-10 09:30:00-04:00,114595.83924865723,81828.8493347168,"[{'asset': GLD, 'quantity': 141.0}]",0.0013923064455674261
2024-09-11 09:30:00-04:00,114501.36950683594,81828.8493347168,"[{'asset': GLD, 'quantity': 141.0}]",-0.0008243732271666637
2024-09-12 09:30:00-04:00,114911.68002319336,81828.8493347168,"[{'asset': GLD, 'quantity': 141.0}]",0.003583455098612909
2024-09-13 09:30:00-04:00,115405.18002319336,81828.8493347168,"[{'asset': GLD, 'quantity': 141.0}]",0.0042946026017580685
2024-09-14 09:30:00-04:00,115405.18002319336,81828.8493347168,"[{'asset': GLD, 'quantity': 141.0}]",0.0
2024-09-14 09:29:00-04:00,115405.18002319336,81828.8493347168,"[{'asset': GLD, 'quantity': 141.0}]",0.0
2024-09-16 08:30:00-04:00,115489.7787322998,81828.8493347168,"[{'asset': GLD, 'quantity': 141.0}]",0.0007330581615958565
2024-09-16 09:30:00-04:00,115489.7787322998,81828.8493347168,"[{'asset': GLD, 'quantity': 141.0}]",0.0
2024-09-16 09:30:00-04:00,115489.7787322998,81828.8493347168,"[{'asset': GLD, 'quantity': 141.0}]",0.0
2024-09-17 09:30:00-04:00,115398.12959289551,81828.8493347168,"[{'asset': GLD, 'quantity': 141.0}]",-0.0007935692700280494
2024-09-18 09:30:00-04:00,115413.63967895508,81828.8493347168,"[{'asset': GLD, 'quantity': 141.0}]",0.00013440500391381782
2024-09-19 09:30:00-04:00,115420.69010925293,81828.8493347168,"[{'asset': GLD, 'quantity': 141.0}]",6.108836284401953e-05
2024-09-20 09:30:00-04:00,115825.35942077637,81828.8493347168,"[{'asset': GLD, 'quantity': 141.0}]",0.003506037878827417
2024-09-21 09:30:00-04:00,115825.35942077637,81828.8493347168,"[{'asset': GLD, 'quantity': 141.0}]",0.0
2024-09-21 09:29:00-04:00,115825.35942077637,81828.8493347168,"[{'asset': GLD, 'quantity': 141.0}]",0.0
2024-09-23 08:30:00-04:00,116087.61950683594,81828.8493347168,"[{'asset': GLD, 'quantity': 141.0}]",0.0022642717222816078
2024-09-23 09:30:00-04:00,116087.61950683594,81828.8493347168,"[{'asset': GLD, 'quantity': 141.0}]",0.0
2024-09-23 09:30:00-04:00,116087.61950683594,81828.8493347168,"[{'asset': GLD, 'quantity': 141.0}]",0.0
2024-09-24 09:30:00-04:00,116146.83924865723,81828.8493347168,"[{'asset': GLD, 'quantity': 141.0}]",0.0005101296940437372
2024-09-25 09:30:00-04:00,116541.63967895508,81828.8493347168,"[{'asset': GLD, 'quantity': 141.0}]",0.0033991491533629237
2024-09-26 09:30:00-04:00,116576.88967895508,81828.8493347168,"[{'asset': GLD, 'quantity': 141.0}]",0.0003024669988951345
2024-09-27 09:30:00-04:00,116558.55899047852,81828.8493347168,"[{'asset': GLD, 'quantity': 141.0}]",-0.0001572411867141188
2024-09-28 09:30:00-04:00,116558.55899047852,81828.8493347168,"[{'asset': GLD, 'quantity': 141.0}]",0.0
2024-09-28 09:29:00-04:00,116558.55899047852,81828.8493347168,"[{'asset': GLD, 'quantity': 141.0}]",0.0
2024-09-30 08:30:00-04:00,116228.61950683594,81828.8493347168,"[{'asset': GLD, 'quantity': 141.0}]",-0.002830675726434917
2024-09-30 09:30:00-04:00,116228.61950683594,81828.8493347168,"[{'asset': GLD, 'quantity': 141.0}]",0.0
2024-09-30 09:30:00-04:00,116228.61950683594,81828.8493347168,"[{'asset': GLD, 'quantity': 141.0}]",0.0
2024-10-01 09:30:00-04:00,116402.04890441895,81828.8493347168,"[{'asset': GLD, 'quantity': 141.0}]",0.001492140217434157
2024-10-02 09:30:00-04:00,116459.85942077637,81828.8493347168,"[{'asset': GLD, 'quantity': 141.0}]",0.000496645178513111
2024-10-03 09:30:00-04:00,116334.36950683594,81828.8493347168,"[{'asset': GLD, 'quantity': 141.0}]",-0.0010775379136173102
2024-10-04 09:30:00-04:00,116373.8493347168,81828.8493347168,"[{'asset': GLD, 'quantity': 141.0}]",0.0003393651252696639
2024-10-05 09:30:00-04:00,116373.8493347168,81828.8493347168,"[{'asset': GLD, 'quantity': 141.0}]",0.0
2024-10-05 09:29:00-04:00,116373.8493347168,81828.8493347168,"[{'asset': GLD, 'quantity': 141.0}]",0.0
2024-10-07 08:30:00-04:00,116314.62959289551,81828.8493347168,"[{'asset': GLD, 'quantity': 141.0}]",-0.0005088749934786252
2024-10-07 09:30:00-04:00,116314.62959289551,81828.8493347168,"[{'asset': GLD, 'quantity': 141.0}]",0.0
2024-10-07 09:30:00-04:00,116314.62959289551,81828.8493347168,"[{'asset': GLD, 'quantity': 141.0}]",0.0
2024-10-08 09:30:00-04:00,116203.23838806152,81828.8493347168,"[{'asset': GLD, 'quantity': 141.0}]",-0.0009576714917448603
2024-10-09 09:30:00-04:00,115832.40985107422,81828.8493347168,"[{'asset': GLD, 'quantity': 141.0}]",-0.0031912065630126385
2024-10-10 09:30:00-04:00,115918.41993713379,81828.8493347168,"[{'asset': GLD, 'quantity': 141.0}]",0.0007425390369599771
2024-10-11 09:30:00-04:00,116303.3493347168,81828.8493347168,"[{'asset': GLD, 'quantity': 141.0}]",0.003320692240213141
2024-10-12 09:30:00-04:00,116303.3493347168,81828.8493347168,"[{'asset': GLD, 'quantity': 141.0}]",0.0
2024-10-12 09:29:00-04:00,116303.3493347168,81828.8493347168,"[{'asset': GLD, 'quantity': 141.0}]",0.0
2024-10-14 08:30:00-04:00,116396.40985107422,81828.8493347168,"[{'asset': GLD, 'quantity': 141.0}]",0.0008001533652277626
2024-10-14 09:30:00-04:00,116396.40985107422,81828.8493347168,"[{'asset': GLD, 'quantity': 141.0}]",0.0
2024-10-14 09:30:00-04:00,116396.40985107422,81828.8493347168,"[{'asset': GLD, 'quantity': 141.0}]",0.0
2024-10-15 09:30:00-04:00,116372.44010925293,81828.8493347168,"[{'asset': GLD, 'quantity': 141.0}]",-0.00020593196862306318
2024-10-16 09:30:00-04:00,116743.26864624023,81828.8493347168,"[{'asset': GLD, 'quantity': 141.0}]",0.003186566653059497
2024-10-17 09:30:00-04:00,116761.5993347168,81828.8493347168,"[{'asset': GLD, 'quantity': 141.0}]",0.00015701709134186004
2024-10-18 09:30:00-04:00,117078.8493347168,81828.8493347168,"[{'asset': GLD, 'quantity': 141.0}]",0.0027170748071936313
2024-10-19 09:30:00-04:00,117078.8493347168,81828.8493347168,"[{'asset': GLD, 'quantity': 141.0}]",0.0
2024-10-19 09:29:00-04:00,117078.8493347168,81828.8493347168,"[{'asset': GLD, 'quantity': 141.0}]",0.0
2024-10-21 08:30:00-04:00,117465.19010925293,81828.8493347168,"[{'asset': GLD, 'quantity': 141.0}]",0.003299834058256179
2024-10-21 09:30:00-04:00,117465.19010925293,81828.8493347168,"[{'asset': GLD, 'quantity': 141.0}]",0.0
2024-10-21 09:30:00-04:00,117465.19010925293,81828.8493347168,"[{'asset': GLD, 'quantity': 141.0}]",0.0
2024-10-22 09:30:00-04:00,117510.30899047852,81828.8493347168,"[{'asset': GLD, 'quantity': 141.0}]",0.0003841042710919229
2024-10-23 09:30:00-04:00,117513.12959289551,81828.8493347168,"[{'asset': GLD, 'quantity': 141.0}]",2.4003021021901105e-05
2024-10-24 09:30:00-04:00,117539.91993713379,81828.8493347168,"[{'asset': GLD, 'quantity': 141.0}]",0.00022797745520941604
2024-10-25 09:30:00-04:00,117360.8493347168,81828.8493347168,"[{'asset': GLD, 'quantity': 141.0}]",-0.001523487530983192
2024-10-26 09:30:00-04:00,117360.8493347168,81828.8493347168,"[{'asset': GLD, 'quantity': 141.0}]",0.0
2024-10-26 09:29:00-04:00,117360.8493347168,81828.8493347168,"[{'asset': GLD, 'quantity': 141.0}]",0.0
2024-10-28 08:30:00-04:00,117503.25856018066,81828.8493347168,"[{'asset': GLD, 'quantity': 141.0}]",0.0012134304265105644
2024-10-28 09:30:00-04:00,117503.25856018066,81828.8493347168,"[{'asset': GLD, 'quantity': 141.0}]",0.0
2024-10-28 09:30:00-04:00,117503.25856018066,81828.8493347168,"[{'asset': GLD, 'quantity': 141.0}]",0.0
2024-10-29 09:30:00-04:00,117711.94010925293,81828.8493347168,"[{'asset': GLD, 'quantity': 141.0}]",0.0017759639318035703
2024-10-30 09:30:00-04:00,118032.01071166992,81828.8493347168,"[{'asset': GLD, 'quantity': 141.0}]",0.002719100561250798
2024-10-31 09:30:00-04:00,117857.16993713379,81828.8493347168,"[{'asset': GLD, 'quantity': 141.0}]",-0.0014812996362760789
2024-11-01 09:30:00-04:00,117689.37959289551,81828.8493347168,"[{'asset': GLD, 'quantity': 141.0}]",-0.001423675320965101
2024-11-02 09:30:00-04:00,117689.37959289551,81828.8493347168,"[{'asset': GLD, 'quantity': 141.0}]",0.0
2024-11-02 09:29:00-04:00,117689.37959289551,81828.8493347168,"[{'asset': GLD, 'quantity': 141.0}]",0.0
2024-11-04 08:30:00-05:00,117546.97036743164,81828.8493347168,"[{'asset': GLD, 'quantity': 141.0}]",-0.0012100431318142757
2024-11-04 09:30:00-05:00,117546.97036743164,81828.8493347168,"[{'asset': GLD, 'quantity': 141.0}]",0.0
2024-11-04 09:30:00-05:00,117546.97036743164,81828.8493347168,"[{'asset': GLD, 'quantity': 141.0}]",0.0
2024-11-05 09:30:00-05:00,117611.82916259766,81828.8493347168,"[{'asset': GLD, 'quantity': 141.0}]",0.0005517691775744904
2024-11-06 09:30:00-05:00,116464.08924865723,81828.8493347168,"[{'asset': GLD, 'quantity': 141.0}]",-0.009758711535331033
2024-11-07 09:30:00-05:00,116837.73838806152,81828.8493347168,"[{'asset': GLD, 'quantity': 141.0}]",0.0032082776915598465
2024-11-08 09:30:00-05:00,116947.72036743164,81828.8493347168,"[{'asset': GLD, 'quantity': 141.0}]",0.0009413223919554348
2024-11-09 09:30:00-05:00,116947.72036743164,81828.8493347168,"[{'asset': GLD, 'quantity': 141.0}]",0.0
2024-11-09 09:29:00-05:00,116947.72036743164,81828.8493347168,"[{'asset': GLD, 'quantity': 141.0}]",0.0
2024-11-11 08:30:00-05:00,116053.7787322998,81828.8493347168,"[{'asset': GLD, 'quantity': 141.0}]",-0.007643942372909995
2024-11-11 09:30:00-05:00,116053.7787322998,81828.8493347168,"[{'asset': GLD, 'quantity': 141.0}]",0.0
2024-11-11 09:30:00-05:00,116053.7787322998,81828.8493347168,"[{'asset': GLD, 'quantity': 141.0}]",0.0
2024-11-12 09:30:00-05:00,115850.73838806152,81828.8493347168,"[{'asset': GLD, 'quantity': 141.0}]",-0.001749536692869147
2024-11-13 09:30:00-05:00,115853.55899047852,81828.8493347168,"[{'asset': GLD, 'quantity': 141.0}]",2.434686611607617e-05
2024-11-14 09:30:00-05:00,115185.22036743164,81828.8493347168,"[{'asset': GLD, 'quantity': 141.0}]",-0.005768822545208163
2024-11-15 09:30:00-05:00,115326.22036743164,81828.8493347168,"[{'asset': GLD, 'quantity': 141.0}]",0.0012241153817322825
2024-11-16 09:30:00-05:00,115326.22036743164,81828.8493347168,"[{'asset': GLD, 'quantity': 141.0}]",0.0
2024-11-16 09:29:00-05:00,115326.22036743164,81828.8493347168,"[{'asset': GLD, 'quantity': 141.0}]",0.0
2024-11-18 08:30:00-05:00,115733.71028137207,81828.8493347168,"[{'asset': GLD, 'quantity': 141.0}]",0.0035333674566127016
2024-11-18 09:30:00-05:00,115733.71028137207,81828.8493347168,"[{'asset': GLD, 'quantity': 141.0}]",0.0
2024-11-18 09:30:00-05:00,115733.71028137207,81828.8493347168,"[{'asset': GLD, 'quantity': 141.0}]",0.0
2024-11-19 09:30:00-05:00,116056.5993347168,81828.8493347168,"[{'asset': GLD, 'quantity': 141.0}]",0.0027899308901417896
2024-11-20 09:30:00-05:00,116196.19010925293,81828.8493347168,"[{'asset': GLD, 'quantity': 141.0}]",0.0012027818782931465
2024-11-21 09:30:00-05:00,116547.2787322998,81828.8493347168,"[{'asset': GLD, 'quantity': 141.0}]",0.003021515789087159
2024-11-22 09:30:00-05:00,116825.04890441895,81828.8493347168,"[{'asset': GLD, 'quantity': 141.0}]",0.002383326107142869
2024-11-23 09:30:00-05:00,116825.04890441895,81828.8493347168,"[{'asset': GLD, 'quantity': 141.0}]",0.0
2024-11-23 09:29:00-05:00,116825.04890441895,81828.8493347168,"[{'asset': GLD, 'quantity': 141.0}]",0.0
2024-11-25 08:30:00-05:00,116270.91993713379,81828.8493347168,"[{'asset': GLD, 'quantity': 141.0}]",-0.004743237623110463
2024-11-25 09:30:00-05:00,116270.91993713379,81828.8493347168,"[{'asset': GLD, 'quantity': 141.0}]",0.0
2024-11-25 09:30:00-05:00,116270.91993713379,81828.8493347168,"[{'asset': GLD, 'quantity': 141.0}]",0.0
2024-11-26 09:30:00-05:00,116050.96028137207,81828.8493347168,"[{'asset': GLD, 'quantity': 141.0}]",-0.001891785632044951
2024-11-27 09:30:00-05:00,116352.7001953125,81828.8493347168,"[{'asset': GLD, 'quantity': 141.0}]",0.002600063913377637
2024-11-28 09:30:00-05:00,116352.7001953125,81828.8493347168,"[{'asset': GLD, 'quantity': 141.0}]",0.0
2024-11-28 09:29:00-05:00,116352.7001953125,81828.8493347168,"[{'asset': GLD, 'quantity': 141.0}]",0.0
2024-11-29 08:30:00-05:00,116409.0993347168,81828.8493347168,"[{'asset': GLD, 'quantity': 141.0}]",0.0004847256600803984
2024-11-29 09:30:00-05:00,116409.0993347168,81828.8493347168,"[{'asset': GLD, 'quantity': 141.0}]",0.0
2024-11-29 09:30:00-05:00,116409.0993347168,81828.8493347168,"[{'asset': GLD, 'quantity': 141.0}]",0.0
2024-11-30 09:30:00-05:00,116409.0993347168,81828.8493347168,"[{'asset': GLD, 'quantity': 141.0}]",0.0
2024-11-30 09:29:00-05:00,116409.0993347168,81828.8493347168,"[{'asset': GLD, 'quantity': 141.0}]",0.0
2024-12-02 08:30:00-05:00,116297.71028137207,81828.8493347168,"[{'asset': GLD, 'quantity': 141.0}]",-0.0009568758282756384
2024-12-02 09:30:00-05:00,116297.71028137207,81828.8493347168,"[{'asset': GLD, 'quantity': 141.0}]",0.0
2024-12-02 09:30:00-05:00,116297.71028137207,81828.8493347168,"[{'asset': GLD, 'quantity': 141.0}]",0.0
2024-12-03 09:30:00-05:00,116368.21028137207,81828.8493347168,"[{'asset': GLD, 'quantity': 141.0}]",0.0006062028205837677
2024-12-04 09:30:00-05:00,116363.97830200195,81828.8493347168,"[{'asset': GLD, 'quantity': 141.0}]",-3.636714322485801e-05
2024-12-05 09:30:00-05:00,116255.40985107422,81828.8493347168,"[{'asset': GLD, 'quantity': 141.0}]",-0.0009330073834873387
2024-12-06 09:30:00-05:00,116062.23838806152,81828.8493347168,"[{'asset': GLD, 'quantity': 141.0}]",-0.001661612679015545
2024-12-07 09:30:00-05:00,116062.23838806152,81828.8493347168,"[{'asset': GLD, 'quantity': 141.0}]",0.0
2024-12-07 09:29:00-05:00,116062.23838806152,81828.8493347168,"[{'asset': GLD, 'quantity': 141.0}]",0.0
2024-12-09 08:30:00-05:00,116554.32916259766,81828.8493347168,"[{'asset': GLD, 'quantity': 141.0}]",0.004239886989692465
2024-12-09 09:30:00-05:00,116554.32916259766,81828.8493347168,"[{'asset': GLD, 'quantity': 141.0}]",0.0
2024-12-09 09:30:00-05:00,116554.32916259766,81828.8493347168,"[{'asset': GLD, 'quantity': 141.0}]",0.0
2024-12-10 09:30:00-05:00,116777.10942077637,81828.8493347168,"[{'asset': GLD, 'quantity': 141.0}]",0.001911385529643539
2024-12-11 09:30:00-05:00,116987.2001953125,81828.8493347168,"[{'asset': GLD, 'quantity': 141.0}]",0.001799074969214498
2024-12-12 09:30:00-05:00,116770.05899047852,81828.8493347168,"[{'asset': GLD, 'quantity': 141.0}]",-0.0018561107922188125
2024-12-13 09:30:00-05:00,116468.31907653809,81828.8493347168,"[{'asset': GLD, 'quantity': 141.0}]",-0.002584052081065047
2024-12-14 09:30:00-05:00,116468.31907653809,81828.8493347168,"[{'asset': GLD, 'quantity': 141.0}]",0.0
2024-12-14 09:29:00-05:00,116468.31907653809,81828.8493347168,"[{'asset': GLD, 'quantity': 141.0}]",0.0
2024-12-16 08:30:00-05:00,116431.65985107422,81828.8493347168,"[{'asset': GLD, 'quantity': 141.0}]",-0.0003147570580097625
2024-12-16 09:30:00-05:00,116431.65985107422,81828.8493347168,"[{'asset': GLD, 'quantity': 141.0}]",0.0
2024-12-16 09:30:00-05:00,116431.65985107422,81828.8493347168,"[{'asset': GLD, 'quantity': 141.0}]",0.0
2024-12-17 09:30:00-05:00,116204.64976501465,81828.8493347168,"[{'asset': GLD, 'quantity': 141.0}]",-0.001949728161137032
2024-12-18 09:30:00-05:00,116172.22036743164,81828.8493347168,"[{'asset': GLD, 'quantity': 141.0}]",-0.0002790714282826512
2024-12-19 09:30:00-05:00,115622.31907653809,81828.8493347168,"[{'asset': GLD, 'quantity': 141.0}]",-0.004733500738423713
2024-12-20 09:30:00-05:00,115867.65985107422,81828.8493347168,"[{'asset': GLD, 'quantity': 141.0}]",0.0021219153576543803
2024-12-21 09:30:00-05:00,115867.65985107422,81828.8493347168,"[{'asset': GLD, 'quantity': 141.0}]",0.0
2024-12-21 09:29:00-05:00,115867.65985107422,81828.8493347168,"[{'asset': GLD, 'quantity': 141.0}]",0.0
2024-12-23 08:30:00-05:00,115894.4501953125,81828.8493347168,"[{'asset': GLD, 'quantity': 141.0}]",0.00023121502818579387
2024-12-23 09:30:00-05:00,115894.4501953125,81828.8493347168,"[{'asset': GLD, 'quantity': 141.0}]",0.0
2024-12-23 09:30:00-05:00,115894.4501953125,81828.8493347168,"[{'asset': GLD, 'quantity': 141.0}]",0.0
2024-12-24 09:30:00-05:00,115878.94010925293,81828.8493347168,"[{'asset': GLD, 'quantity': 141.0}]",-0.00013382941144668425
2024-12-25 09:30:00-05:00,115878.94010925293,81828.8493347168,"[{'asset': GLD, 'quantity': 141.0}]",0.0
2024-12-25 09:29:00-05:00,115878.94010925293,81828.8493347168,"[{'asset': GLD, 'quantity': 141.0}]",0.0
2024-12-26 08:30:00-05:00,116005.83924865723,81828.8493347168,"[{'asset': GLD, 'quantity': 141.0}]",0.001095100967308138
2024-12-26 09:30:00-05:00,116005.83924865723,81828.8493347168,"[{'asset': GLD, 'quantity': 141.0}]",0.0
2024-12-26 09:30:00-05:00,116005.83924865723,81828.8493347168,"[{'asset': GLD, 'quantity': 141.0}]",0.0
2024-12-27 09:30:00-05:00,115838.04890441895,81828.8493347168,"[{'asset': GLD, 'quantity': 141.0}]",-0.0014463956756403107
2024-12-28 09:30:00-05:00,115838.04890441895,81828.8493347168,"[{'asset': GLD, 'quantity': 141.0}]",0.0
2024-12-28 09:29:00-05:00,115838.04890441895,81828.8493347168,"[{'asset': GLD, 'quantity': 141.0}]",0.0
