datetime,portfolio_value,cash,positions,return
2023-01-03 08:30:00-05:00,100000.0,100000.0,[],
2023-01-03 09:30:00-05:00,100000.0,100000.0,[],0.0
2023-01-03 09:30:00-05:00,100000.0,100000.0,[],0.0
2023-01-04 09:30:00-05:00,100000.0,100000.0,[],0.0
2023-01-05 09:30:00-05:00,100000.0,100000.0,[],0.0
2023-01-06 09:30:00-05:00,100000.0,100000.0,[],0.0
2023-01-07 09:30:00-05:00,100000.0,100000.0,[],0.0
2023-01-07 09:29:00-05:00,100000.0,100000.0,[],0.0
2023-01-09 08:30:00-05:00,100000.0,100000.0,[],0.0
2023-01-09 09:30:00-05:00,100000.0,100000.0,[],0.0
2023-01-09 09:30:00-05:00,100000.0,100000.0,[],0.0
2023-01-10 09:30:00-05:00,100000.0,100000.0,[],0.0
2023-01-11 09:30:00-05:00,100000.0,100000.0,[],0.0
2023-01-12 09:30:00-05:00,100000.0,100000.0,[],0.0
2023-01-13 09:30:00-05:00,100000.0,100000.0,[],0.0
2023-01-14 09:30:00-05:00,100000.0,100000.0,[],0.0
2023-01-14 09:29:00-05:00,100000.0,100000.0,[],0.0
2023-01-17 08:30:00-05:00,100000.0,100000.0,[],0.0
2023-01-17 09:30:00-05:00,100000.0,100000.0,[],0.0
2023-01-17 09:30:00-05:00,100000.0,100000.0,[],0.0
2023-01-18 09:30:00-05:00,100000.0,100000.0,[],0.0
2023-01-19 09:30:00-05:00,100000.0,100000.0,[],0.0
2023-01-20 09:30:00-05:00,100000.0,100000.0,[],0.0
2023-01-21 09:30:00-05:00,100000.0,100000.0,[],0.0
2023-01-21 09:29:00-05:00,100000.0,100000.0,[],0.0
2023-01-23 08:30:00-05:00,100000.0,100000.0,[],0.0
2023-01-23 09:30:00-05:00,100000.0,100000.0,[],0.0
2023-01-23 09:30:00-05:00,100000.0,100000.0,[],0.0
2023-01-24 09:30:00-05:00,100000.0,100000.0,[],0.0
2023-01-25 09:30:00-05:00,100000.0,100000.0,[],0.0
2023-01-26 09:30:00-05:00,100000.0,100000.0,[],0.0
2023-01-27 09:30:00-05:00,100000.0,100000.0,[],0.0
2023-01-28 09:30:00-05:00,100000.0,100000.0,[],0.0
2023-01-28 09:29:00-05:00,100000.0,100000.0,[],0.0
2023-01-30 08:30:00-05:00,100000.0,100000.0,[],0.0
2023-01-30 09:30:00-05:00,100000.0,100000.0,[],0.0
2023-01-30 09:30:00-05:00,100000.0,100000.0,[],0.0
2023-01-31 09:30:00-05:00,100000.0,100000.0,[],0.0
2023-02-01 09:30:00-05:00,100000.0,100000.0,[],0.0
2023-02-02 09:30:00-05:00,100000.0,100000.0,[],0.0
2023-02-03 09:30:00-05:00,100000.0,100000.0,[],0.0
2023-02-04 09:30:00-05:00,100000.0,100000.0,[],0.0
2023-02-04 09:29:00-05:00,100000.0,100000.0,[],0.0
2023-02-06 08:30:00-05:00,100000.0,100000.0,[],0.0
2023-02-06 09:30:00-05:00,100000.0,100000.0,[],0.0
2023-02-06 09:30:00-05:00,100000.0,100000.0,[],0.0
2023-02-07 09:30:00-05:00,100000.0,100000.0,[],0.0
2023-02-08 09:30:00-05:00,100000.0,100000.0,[],0.0
2023-02-09 09:30:00-05:00,100000.0,100000.0,[],0.0
2023-02-10 09:30:00-05:00,100000.0,100000.0,[],0.0
2023-02-11 09:30:00-05:00,100000.0,100000.0,[],0.0
2023-02-11 09:29:00-05:00,100000.0,100000.0,[],0.0
2023-02-13 08:30:00-05:00,100000.0,100000.0,[],0.0
2023-02-13 09:30:00-05:00,100000.0,100000.0,[],0.0
2023-02-13 09:30:00-05:00,100000.0,100000.0,[],0.0
2023-02-14 09:30:00-05:00,100000.0,100000.0,[],0.0
2023-02-15 09:30:00-05:00,100000.0,100000.0,[],0.0
2023-02-16 09:30:00-05:00,100000.0,100000.0,[],0.0
2023-02-17 09:30:00-05:00,100000.0,100000.0,[],0.0
2023-02-18 09:30:00-05:00,100000.0,100000.0,[],0.0
2023-02-18 09:29:00-05:00,100000.0,100000.0,[],0.0
2023-02-21 08:30:00-05:00,100000.0,100000.0,[],0.0
2023-02-21 09:30:00-05:00,100000.0,100000.0,[],0.0
2023-02-21 09:30:00-05:00,100000.0,100000.0,[],0.0
2023-02-22 09:30:00-05:00,100000.0,100000.0,[],0.0
2023-02-23 09:30:00-05:00,100000.0,100000.0,[],0.0
2023-02-24 09:30:00-05:00,100000.0,100000.0,[],0.0
2023-02-25 09:30:00-05:00,100000.0,100000.0,[],0.0
2023-02-25 09:29:00-05:00,100000.0,100000.0,[],0.0
2023-02-27 08:30:00-05:00,100000.0,100000.0,[],0.0
2023-02-27 09:30:00-05:00,100000.0,100000.0,[],0.0
2023-02-27 09:30:00-05:00,100000.0,100000.0,[],0.0
2023-02-28 09:30:00-05:00,100000.0,100000.0,[],0.0
2023-03-01 09:30:00-05:00,100000.0,100000.0,[],0.0
2023-03-02 09:30:00-05:00,100000.0,100000.0,[],0.0
2023-03-03 09:30:00-05:00,100000.0,100000.0,[],0.0
2023-03-04 09:30:00-05:00,100000.0,100000.0,[],0.0
2023-03-04 09:29:00-05:00,100000.0,100000.0,[],0.0
2023-03-06 08:30:00-05:00,100000.0,100000.0,[],0.0
2023-03-06 09:30:00-05:00,100000.0,100000.0,[],0.0
2023-03-06 09:30:00-05:00,100000.0,100000.0,[],0.0
2023-03-07 09:30:00-05:00,100000.0,100000.0,[],0.0
2023-03-08 09:30:00-05:00,100000.0,100000.0,[],0.0
2023-03-09 09:30:00-05:00,100000.0,100000.0,[],0.0
2023-03-10 09:30:00-05:00,100000.0,100000.0,[],0.0
2023-03-11 09:30:00-05:00,100000.0,100000.0,[],0.0
2023-03-11 09:29:00-05:00,100000.0,100000.0,[],0.0
2023-03-13 08:30:00-04:00,100000.0,100000.0,[],0.0
2023-03-13 09:30:00-04:00,100000.0,100000.0,[],0.0
2023-03-13 09:30:00-04:00,100000.0,100000.0,[],0.0
2023-03-14 09:30:00-04:00,100000.0,100000.0,[],0.0
2023-03-15 09:30:00-04:00,100424.3084564209,50164.64828491211,"[{'asset': GLD, 'quantity': 281.0}]",0.004243084564208965
2023-03-16 09:30:00-04:00,100606.95674133301,50164.64828491211,"[{'asset': GLD, 'quantity': 281.0}]",0.0018187656725698886
2023-03-17 09:30:00-04:00,101031.26948547363,50164.64828491211,"[{'asset': GLD, 'quantity': 281.0}]",0.004217528865638531
2023-03-18 09:30:00-04:00,101031.26948547363,50164.64828491211,"[{'asset': GLD, 'quantity': 281.0}]",0.0
2023-03-18 09:29:00-04:00,101031.26948547363,50164.64828491211,"[{'asset': GLD, 'quantity': 281.0}]",0.0
2023-03-20 08:30:00-04:00,101922.03897094727,50164.64828491211,"[{'asset': GLD, 'quantity': 281.0}]",0.008816770194119972
2023-03-20 09:30:00-04:00,101922.03897094727,50164.64828491211,"[{'asset': GLD, 'quantity': 281.0}]",0.0
2023-03-20 09:30:00-04:00,101922.03897094727,50164.64828491211,"[{'asset': GLD, 'quantity': 281.0}]",0.0
2023-03-21 09:30:00-04:00,101489.29656982422,50164.64828491211,"[{'asset': GLD, 'quantity': 281.0}]",-0.004245817739639168
2023-03-22 09:30:00-04:00,100857.04656982422,50164.64828491211,"[{'asset': GLD, 'quantity': 281.0}]",-0.006229720979147979
2023-03-23 09:30:00-04:00,101843.35931396484,50164.64828491211,"[{'asset': GLD, 'quantity': 281.0}]",0.009779314164804376
2023-03-24 09:30:00-04:00,102321.0584564209,50164.64828491211,"[{'asset': GLD, 'quantity': 281.0}]",0.004690528137268002
2023-03-25 09:30:00-04:00,102321.0584564209,50164.64828491211,"[{'asset': GLD, 'quantity': 281.0}]",0.0
2023-03-25 09:29:00-04:00,102321.0584564209,50164.64828491211,"[{'asset': GLD, 'quantity': 281.0}]",0.0
2023-03-27 08:30:00-04:00,101067.79656982422,50164.64828491211,"[{'asset': GLD, 'quantity': 281.0}]",-0.012248328012854248
2023-03-27 09:30:00-04:00,101067.79656982422,50164.64828491211,"[{'asset': GLD, 'quantity': 281.0}]",0.0
2023-03-27 09:30:00-04:00,101067.79656982422,50164.64828491211,"[{'asset': GLD, 'quantity': 281.0}]",0.0
2023-03-28 09:30:00-04:00,101393.75759887695,50164.64828491211,"[{'asset': GLD, 'quantity': 281.0}]",0.003225172014386768
2023-03-29 09:30:00-04:00,101444.33982849121,50164.64828491211,"[{'asset': GLD, 'quantity': 281.0}]",0.0004988692678140616
2023-03-30 09:30:00-04:00,101517.39828491211,50164.64828491211,"[{'asset': GLD, 'quantity': 281.0}]",0.0007201826789391408
2023-03-31 09:30:00-04:00,101899.5584564209,50164.64828491211,"[{'asset': GLD, 'quantity': 281.0}]",0.003764479566706891
2023-04-01 09:30:00-04:00,101899.5584564209,50164.64828491211,"[{'asset': GLD, 'quantity': 281.0}]",0.0
2023-04-01 09:29:00-04:00,101899.5584564209,50164.64828491211,"[{'asset': GLD, 'quantity': 281.0}]",0.0
2023-04-03 08:30:00-04:00,101826.5,50164.64828491211,"[{'asset': GLD, 'quantity': 281.0}]",-0.0007169653875599424
2023-04-03 09:30:00-04:00,101826.5,50164.64828491211,"[{'asset': GLD, 'quantity': 281.0}]",0.0
2023-04-03 09:30:00-04:00,101826.5,50164.64828491211,"[{'asset': GLD, 'quantity': 281.0}]",0.0
2023-04-04 09:30:00-04:00,102070.96862792969,50164.64828491211,"[{'asset': GLD, 'quantity': 281.0}]",0.00240083502751931
2023-04-05 09:30:00-04:00,103088.18725585938,50164.64828491211,"[{'asset': GLD, 'quantity': 281.0}]",0.00996579773468853
2023-04-06 09:30:00-04:00,102680.73811340332,50164.64828491211,"[{'asset': GLD, 'quantity': 281.0}]",-0.00395243289558278
2023-04-07 09:30:00-04:00,102680.73811340332,50164.64828491211,"[{'asset': GLD, 'quantity': 281.0}]",0.0
2023-04-07 09:29:00-04:00,102680.73811340332,50164.64828491211,"[{'asset': GLD, 'quantity': 281.0}]",0.0
2023-04-10 08:30:00-04:00,102200.22622680664,50164.64828491211,"[{'asset': GLD, 'quantity': 281.0}]",-0.004679669190398639
2023-04-10 09:30:00-04:00,102200.22622680664,50164.64828491211,"[{'asset': GLD, 'quantity': 281.0}]",0.0
2023-04-10 09:30:00-04:00,102200.22622680664,50164.64828491211,"[{'asset': GLD, 'quantity': 281.0}]",0.0
2023-04-11 09:30:00-04:00,102405.35931396484,50164.64828491211,"[{'asset': GLD, 'quantity': 281.0}]",0.0020071686211629025
2023-04-12 09:30:00-04:00,102863.38639831543,50164.64828491211,"[{'asset': GLD, 'quantity': 281.0}]",0.004472686658383962
2023-04-13 09:30:00-04:00,103487.20674133301,50164.64828491211,"[{'asset': GLD, 'quantity': 281.0}]",0.006064551876621804
2023-04-14 09:30:00-04:00,103015.12879943848,50164.64828491211,"[{'asset': GLD, 'quantity': 281.0}]",-0.0045617033907823235
2023-04-15 09:30:00-04:00,103015.12879943848,50164.64828491211,"[{'asset': GLD, 'quantity': 281.0}]",0.0
2023-04-15 09:29:00-04:00,103015.12879943848,50164.64828491211,"[{'asset': GLD, 'quantity': 281.0}]",0.0
2023-04-17 08:30:00-04:00,102399.73811340332,50164.64828491211,"[{'asset': GLD, 'quantity': 281.0}]",-0.0059737894152738225
2023-04-17 09:30:00-04:00,102399.73811340332,50164.64828491211,"[{'asset': GLD, 'quantity': 281.0}]",0.0
2023-04-17 09:30:00-04:00,102399.73811340332,50164.64828491211,"[{'asset': GLD, 'quantity': 281.0}]",0.0
2023-04-18 09:30:00-04:00,102217.08982849121,50164.64828491211,"[{'asset': GLD, 'quantity': 281.0}]",-0.0017836792190799589
2023-04-19 09:30:00-04:00,101967.0,50164.64828491211,"[{'asset': GLD, 'quantity': 281.0}]",-0.002446653772973151
2023-04-20 09:30:00-04:00,102469.98811340332,50164.64828491211,"[{'asset': GLD, 'quantity': 281.0}]",0.004932851936443328
2023-04-21 09:30:00-04:00,102144.02708435059,50164.64828491211,"[{'asset': GLD, 'quantity': 281.0}]",-0.0031810390052158244
2023-04-22 09:30:00-04:00,102144.02708435059,50164.64828491211,"[{'asset': GLD, 'quantity': 281.0}]",0.0
2023-04-22 09:29:00-04:00,102144.02708435059,50164.64828491211,"[{'asset': GLD, 'quantity': 281.0}]",0.0
2023-04-24 08:30:00-04:00,101888.32034301758,50164.64828491211,"[{'asset': GLD, 'quantity': 281.0}]",-0.0025033939686149864
2023-04-24 09:30:00-04:00,101888.32034301758,50164.64828491211,"[{'asset': GLD, 'quantity': 281.0}]",0.0
2023-04-24 09:30:00-04:00,101888.32034301758,50164.64828491211,"[{'asset': GLD, 'quantity': 281.0}]",0.0
2023-04-25 09:30:00-04:00,102104.68725585938,50164.64828491211,"[{'asset': GLD, 'quantity': 281.0}]",0.002123569336636155
2023-04-26 09:30:00-04:00,102607.67965698242,50164.64828491211,"[{'asset': GLD, 'quantity': 281.0}]",0.004926242023175931
2023-04-27 09:30:00-04:00,101840.54656982422,50164.64828491211,"[{'asset': GLD, 'quantity': 281.0}]",-0.007476371064258802
2023-04-28 09:30:00-04:00,102090.63639831543,50164.64828491211,"[{'asset': GLD, 'quantity': 281.0}]",0.0024556999831077952
2023-04-29 09:30:00-04:00,102090.63639831543,50164.64828491211,"[{'asset': GLD, 'quantity': 281.0}]",0.0
2023-04-29 09:29:00-04:00,102090.63639831543,50164.64828491211,"[{'asset': GLD, 'quantity': 281.0}]",0.0
2023-05-01 08:30:00-04:00,102444.69914245605,50164.64828491211,"[{'asset': GLD, 'quantity': 281.0}]",0.003468121628307008
2023-05-01 09:30:00-04:00,102444.69914245605,50164.64828491211,"[{'asset': GLD, 'quantity': 281.0}]",0.0
2023-05-01 09:30:00-04:00,102444.69914245605,50164.64828491211,"[{'asset': GLD, 'quantity': 281.0}]",0.0
2023-05-02 09:30:00-04:00,102051.29656982422,50164.64828491211,"[{'asset': GLD, 'quantity': 281.0}]",-0.00384014571690805
2023-05-03 09:30:00-04:00,102883.0584564209,50164.64828491211,"[{'asset': GLD, 'quantity': 281.0}]",0.008150429387514757
2023-05-04 09:30:00-04:00,103234.3084564209,50164.64828491211,"[{'asset': GLD, 'quantity': 281.0}]",0.003414070355896248
2023-05-05 09:30:00-04:00,102588.00759887695,50164.64828491211,"[{'asset': GLD, 'quantity': 281.0}]",-0.00626052392085108
2023-05-06 09:30:00-04:00,102588.00759887695,50164.64828491211,"[{'asset': GLD, 'quantity': 281.0}]",0.0
2023-05-06 09:29:00-04:00,102588.00759887695,50164.64828491211,"[{'asset': GLD, 'quantity': 281.0}]",0.0
2023-05-08 08:30:00-04:00,102942.07034301758,50164.64828491211,"[{'asset': GLD, 'quantity': 281.0}]",0.003451307345055721
2023-05-08 09:30:00-04:00,102942.07034301758,50164.64828491211,"[{'asset': GLD, 'quantity': 281.0}]",0.0
2023-05-08 09:30:00-04:00,102942.07034301758,50164.64828491211,"[{'asset': GLD, 'quantity': 281.0}]",0.0
2023-05-09 09:30:00-04:00,103026.3669128418,50164.64828491211,"[{'asset': GLD, 'quantity': 281.0}]",0.0008188738534529172
2023-05-10 09:30:00-04:00,103268.02708435059,50164.64828491211,"[{'asset': GLD, 'quantity': 281.0}]",0.002345614804734719
2023-05-11 09:30:00-04:00,103116.28897094727,50164.64828491211,"[{'asset': GLD, 'quantity': 281.0}]",-0.001469361986352058
2023-05-12 09:30:00-04:00,102832.47622680664,50164.64828491211,"[{'asset': GLD, 'quantity': 281.0}]",-0.002752356072672324
2023-05-13 09:30:00-04:00,102832.47622680664,50164.64828491211,"[{'asset': GLD, 'quantity': 281.0}]",0.0
2023-05-13 09:29:00-04:00,102832.47622680664,50164.64828491211,"[{'asset': GLD, 'quantity': 281.0}]",0.0
2023-05-15 08:30:00-04:00,102795.94914245605,50164.64828491211,"[{'asset': GLD, 'quantity': 281.0}]",-0.00035520961558899167
2023-05-15 09:30:00-04:00,102795.94914245605,50164.64828491211,"[{'asset': GLD, 'quantity': 281.0}]",0.0
2023-05-15 09:30:00-04:00,102795.94914245605,50164.64828491211,"[{'asset': GLD, 'quantity': 281.0}]",0.0
2023-05-16 09:30:00-04:00,102593.62879943848,50164.64828491211,"[{'asset': GLD, 'quantity': 281.0}]",-0.001968174278319079
2023-05-17 09:30:00-04:00,101955.75759887695,50164.64828491211,"[{'asset': GLD, 'quantity': 281.0}]",-0.006217454319785376
2023-05-18 09:30:00-04:00,101334.75,50164.64828491211,"[{'asset': GLD, 'quantity': 281.0}]",-0.0060909517373228805
2023-05-19 09:30:00-04:00,101376.89828491211,50164.64828491211,"[{'asset': GLD, 'quantity': 281.0}]",0.0004159312073312993
2023-05-20 09:30:00-04:00,101376.89828491211,50164.64828491211,"[{'asset': GLD, 'quantity': 281.0}]",0.0
2023-05-20 09:29:00-04:00,101376.89828491211,50164.64828491211,"[{'asset': GLD, 'quantity': 281.0}]",0.0
2023-05-22 08:30:00-04:00,101649.46862792969,50164.64828491211,"[{'asset': GLD, 'quantity': 281.0}]",0.0026886830000611983
2023-05-22 09:30:00-04:00,101649.46862792969,50164.64828491211,"[{'asset': GLD, 'quantity': 281.0}]",0.0
2023-05-22 09:30:00-04:00,101649.46862792969,50164.64828491211,"[{'asset': GLD, 'quantity': 281.0}]",0.0
2023-05-23 09:30:00-04:00,101525.82794189453,50164.64828491211,"[{'asset': GLD, 'quantity': 281.0}]",-0.001216343653381191
2023-05-24 09:30:00-04:00,101739.38639831543,50164.64828491211,"[{'asset': GLD, 'quantity': 281.0}]",0.002103488942174714
2023-05-25 09:30:00-04:00,101076.22622680664,50164.64828491211,"[{'asset': GLD, 'quantity': 281.0}]",-0.006518224602932832
2023-05-26 09:30:00-04:00,101028.45674133301,50164.64828491211,"[{'asset': GLD, 'quantity': 281.0}]",-0.00047260851791641745
2023-05-27 09:30:00-04:00,101028.45674133301,50164.64828491211,"[{'asset': GLD, 'quantity': 281.0}]",0.0
2023-05-27 09:29:00-04:00,101028.45674133301,50164.64828491211,"[{'asset': GLD, 'quantity': 281.0}]",0.0
2023-05-30 08:30:00-04:00,101227.96862792969,50164.64828491211,"[{'asset': GLD, 'quantity': 281.0}]",0.0019748088116153806
2023-05-30 09:30:00-04:00,101227.96862792969,50164.64828491211,"[{'asset': GLD, 'quantity': 281.0}]",0.0
2023-05-30 09:30:00-04:00,101227.96862792969,50164.64828491211,"[{'asset': GLD, 'quantity': 281.0}]",0.0
2023-05-31 09:30:00-04:00,101416.23811340332,50164.64828491211,"[{'asset': GLD, 'quantity': 281.0}]",0.001859856401600135
2023-06-01 09:30:00-04:00,101534.25759887695,50164.64828491211,"[{'asset': GLD, 'quantity': 281.0}]",0.00116371389502401
2023-06-02 09:30:00-04:00,101736.57794189453,50164.64828491211,"[{'asset': GLD, 'quantity': 281.0}]",0.0019926313325386857
2023-06-03 09:30:00-04:00,101736.57794189453,50164.64828491211,"[{'asset': GLD, 'quantity': 281.0}]",0.0
2023-06-03 09:29:00-04:00,101736.57794189453,50164.64828491211,"[{'asset': GLD, 'quantity': 281.0}]",0.0
2023-06-05 08:30:00-04:00,100966.63639831543,50164.64828491211,"[{'asset': GLD, 'quantity': 281.0}]",-0.007567991367066096
2023-06-05 09:30:00-04:00,100966.63639831543,50164.64828491211,"[{'asset': GLD, 'quantity': 281.0}]",0.0
2023-06-05 09:30:00-04:00,100966.63639831543,50164.64828491211,"[{'asset': GLD, 'quantity': 281.0}]",0.0
2023-06-06 09:30:00-04:00,101407.8084564209,50164.64828491211,"[{'asset': GLD, 'quantity': 281.0}]",0.004369483562520982
2023-06-07 09:30:00-04:00,101289.78897094727,50164.64828491211,"[{'asset': GLD, 'quantity': 281.0}]",-0.001163810630266715
2023-06-08 09:30:00-04:00,101306.64828491211,50164.64828491211,"[{'asset': GLD, 'quantity': 281.0}]",0.00016644633320028746
2023-06-09 09:30:00-04:00,101407.8084564209,50164.64828491211,"[{'asset': GLD, 'quantity': 281.0}]",0.000998554124743034
2023-06-10 09:30:00-04:00,101407.8084564209,50164.64828491211,"[{'asset': GLD, 'quantity': 281.0}]",0.0
2023-06-10 09:29:00-04:00,101407.8084564209,50164.64828491211,"[{'asset': GLD, 'quantity': 281.0}]",0.0
2023-06-12 08:30:00-04:00,101250.44914245605,50164.64828491211,"[{'asset': GLD, 'quantity': 281.0}]",-0.0015517475070222497
2023-06-12 09:30:00-04:00,101250.44914245605,50164.64828491211,"[{'asset': GLD, 'quantity': 281.0}]",0.0
2023-06-12 09:30:00-04:00,101250.44914245605,50164.64828491211,"[{'asset': GLD, 'quantity': 281.0}]",0.0
2023-06-13 09:30:00-04:00,101334.75,50164.64828491211,"[{'asset': GLD, 'quantity': 281.0}]",0.0008325973687814958
2023-06-14 09:30:00-04:00,101219.53897094727,50164.64828491211,"[{'asset': GLD, 'quantity': 281.0}]",-0.0011369350499481623
2023-06-15 09:30:00-04:00,100823.32794189453,50164.64828491211,"[{'asset': GLD, 'quantity': 281.0}]",-0.00391437298648889
2023-06-16 09:30:00-04:00,101286.97622680664,50164.64828491211,"[{'asset': GLD, 'quantity': 281.0}]",0.004598621116526758
2023-06-17 09:30:00-04:00,101286.97622680664,50164.64828491211,"[{'asset': GLD, 'quantity': 281.0}]",0.0
2023-06-17 09:29:00-04:00,101286.97622680664,50164.64828491211,"[{'asset': GLD, 'quantity': 281.0}]",0.0
2023-06-20 08:30:00-04:00,100761.50759887695,50164.64828491211,"[{'asset': GLD, 'quantity': 281.0}]",-0.005187918995163132
2023-06-20 09:30:00-04:00,100761.50759887695,50164.64828491211,"[{'asset': GLD, 'quantity': 281.0}]",0.0
2023-06-20 09:30:00-04:00,100761.50759887695,50164.64828491211,"[{'asset': GLD, 'quantity': 281.0}]",0.0
2023-06-21 09:30:00-04:00,100505.79656982422,50164.64828491211,"[{'asset': GLD, 'quantity': 281.0}]",-0.0025377848659301483
2023-06-22 09:30:00-04:00,100283.8084564209,50164.64828491211,"[{'asset': GLD, 'quantity': 281.0}]",-0.002208709556857258
2023-06-23 09:30:00-04:00,100632.25,50164.64828491211,"[{'asset': GLD, 'quantity': 281.0}]",0.0034745543567038517
2023-06-24 09:30:00-04:00,100632.25,50164.64828491211,"[{'asset': GLD, 'quantity': 281.0}]",0.0
2023-06-24 09:29:00-04:00,100632.25,50164.64828491211,"[{'asset': GLD, 'quantity': 281.0}]",0.0
2023-06-26 08:30:00-04:00,100477.69914245605,50164.64828491211,"[{'asset': GLD, 'quantity': 281.0}]",-0.0015357984894897037
2023-06-26 09:30:00-04:00,100477.69914245605,50164.64828491211,"[{'asset': GLD, 'quantity': 281.0}]",0.0
2023-06-26 09:30:00-04:00,100477.69914245605,50164.64828491211,"[{'asset': GLD, 'quantity': 281.0}]",0.0
2023-06-27 09:30:00-04:00,100483.32034301758,50164.64828491211,"[{'asset': GLD, 'quantity': 281.0}]",5.594475798598175e-05
2023-06-28 09:30:00-04:00,99966.27708435059,50164.64828491211,"[{'asset': GLD, 'quantity': 281.0}]",-0.005145563033764899
2023-06-29 09:30:00-04:00,99572.87879943848,50164.64828491211,"[{'asset': GLD, 'quantity': 281.0}]",-0.003935309950376165
2023-06-30 09:30:00-04:00,100095.53897094727,50164.64828491211,"[{'asset': GLD, 'quantity': 281.0}]",0.005249021398302078
2023-07-01 09:30:00-04:00,100095.53897094727,50164.64828491211,"[{'asset': GLD, 'quantity': 281.0}]",0.0
2023-07-01 09:29:00-04:00,100095.53897094727,50164.64828491211,"[{'asset': GLD, 'quantity': 281.0}]",0.0
2023-07-03 08:30:00-04:00,100354.0584564209,50164.64828491211,"[{'asset': GLD, 'quantity': 281.0}]",0.0025827273436098697
2023-07-03 09:30:00-04:00,100354.0584564209,50164.64828491211,"[{'asset': GLD, 'quantity': 281.0}]",0.0
2023-07-03 09:30:00-04:00,100354.0584564209,50164.64828491211,"[{'asset': GLD, 'quantity': 281.0}]",0.0
2023-07-04 09:30:00-04:00,100354.0584564209,50164.64828491211,"[{'asset': GLD, 'quantity': 281.0}]",0.0
2023-07-04 09:29:00-04:00,100354.0584564209,50164.64828491211,"[{'asset': GLD, 'quantity': 281.0}]",0.0
2023-07-05 08:30:00-04:00,100578.85931396484,50164.64828491211,"[{'asset': GLD, 'quantity': 281.0}]",0.002240077392002604
2023-07-05 09:30:00-04:00,100578.85931396484,50164.64828491211,"[{'asset': GLD, 'quantity': 281.0}]",0.0
2023-07-05 09:30:00-04:00,100578.85931396484,50164.64828491211,"[{'asset': GLD, 'quantity': 281.0}]",0.0
2023-07-06 09:30:00-04:00,100044.95674133301,50164.64828491211,"[{'asset': GLD, 'quantity': 281.0}]",-0.005308298148075208
2023-07-07 09:30:00-04:00,100289.42965698242,50164.64828491211,"[{'asset': GLD, 'quantity': 281.0}]",0.002443630579815226
2023-07-08 09:30:00-04:00,100289.42965698242,50164.64828491211,"[{'asset': GLD, 'quantity': 281.0}]",0.0
2023-07-08 09:29:00-04:00,100289.42965698242,50164.64828491211,"[{'asset': GLD, 'quantity': 281.0}]",0.0
2023-07-10 08:30:00-04:00,100286.6169128418,50164.64828491211,"[{'asset': GLD, 'quantity': 281.0}]",-2.804626719132841e-05
2023-07-10 09:30:00-04:00,100286.6169128418,50164.64828491211,"[{'asset': GLD, 'quantity': 281.0}]",0.0
2023-07-10 09:30:00-04:00,100286.6169128418,50164.64828491211,"[{'asset': GLD, 'quantity': 281.0}]",0.0
2023-07-11 09:30:00-04:00,100584.47622680664,50164.64828491211,"[{'asset': GLD, 'quantity': 281.0}]",0.0029700803869345815
2023-07-12 09:30:00-04:00,101076.22622680664,50164.64828491211,"[{'asset': GLD, 'quantity': 281.0}]",0.004888925393329746
2023-07-13 09:30:00-04:00,101295.41017150879,50164.64828491211,"[{'asset': GLD, 'quantity': 281.0}]",0.0021685014655208334
2023-07-14 09:30:00-04:00,101191.43725585938,50164.64828491211,"[{'asset': GLD, 'quantity': 281.0}]",-0.0010264326436248972
2023-07-15 09:30:00-04:00,101191.43725585938,50164.64828491211,"[{'asset': GLD, 'quantity': 281.0}]",0.0
2023-07-15 09:29:00-04:00,101191.43725585938,50164.64828491211,"[{'asset': GLD, 'quantity': 281.0}]",0.0
2023-07-17 08:30:00-04:00,101022.83982849121,50164.64828491211,"[{'asset': GLD, 'quantity': 281.0}]",-0.0016661234580734874
2023-07-17 09:30:00-04:00,101022.83982849121,50164.64828491211,"[{'asset': GLD, 'quantity': 281.0}]",0.0
2023-07-17 09:30:00-04:00,101022.83982849121,50164.64828491211,"[{'asset': GLD, 'quantity': 281.0}]",0.0
2023-07-18 09:30:00-04:00,101528.63639831543,50164.64828491211,"[{'asset': GLD, 'quantity': 281.0}]",0.00500675461789557
2023-07-19 09:30:00-04:00,101714.09742736816,50164.64828491211,"[{'asset': GLD, 'quantity': 281.0}]",0.0018266868898459965
2023-07-20 09:30:00-04:00,101792.77708435059,50164.64828491211,"[{'asset': GLD, 'quantity': 281.0}]",0.0007735373854014238
2023-07-21 09:30:00-04:00,101323.50759887695,50164.64828491211,"[{'asset': GLD, 'quantity': 281.0}]",-0.004610046988744343
2023-07-22 09:30:00-04:00,101323.50759887695,50164.64828491211,"[{'asset': GLD, 'quantity': 281.0}]",0.0
2023-07-22 09:29:00-04:00,101323.50759887695,50164.64828491211,"[{'asset': GLD, 'quantity': 281.0}]",0.0
2023-07-24 08:30:00-04:00,101368.46862792969,50164.64828491211,"[{'asset': GLD, 'quantity': 281.0}]",0.0004437373924195409
2023-07-24 09:30:00-04:00,101368.46862792969,50164.64828491211,"[{'asset': GLD, 'quantity': 281.0}]",0.0
2023-07-24 09:30:00-04:00,101368.46862792969,50164.64828491211,"[{'asset': GLD, 'quantity': 281.0}]",0.0
2023-07-25 09:30:00-04:00,101227.96862792969,50164.64828491211,"[{'asset': GLD, 'quantity': 281.0}]",-0.0013860325789837313
2023-07-26 09:30:00-04:00,101492.10931396484,50164.64828491211,"[{'asset': GLD, 'quantity': 281.0}]",0.0026093646806844006
2023-07-27 09:30:00-04:00,101205.48811340332,50164.64828491211,"[{'asset': GLD, 'quantity': 281.0}]",-0.0028240737383323777
2023-07-28 09:30:00-04:00,101160.52708435059,50164.64828491211,"[{'asset': GLD, 'quantity': 281.0}]",-0.0004442548511041089
2023-07-29 09:30:00-04:00,101160.52708435059,50164.64828491211,"[{'asset': GLD, 'quantity': 281.0}]",0.0
2023-07-29 09:29:00-04:00,101160.52708435059,50164.64828491211,"[{'asset': GLD, 'quantity': 281.0}]",0.0
2023-07-31 08:30:00-04:00,101427.47622680664,50164.64828491211,"[{'asset': GLD, 'quantity': 281.0}]",0.0026388666622254586
2023-07-31 09:30:00-04:00,101427.47622680664,50164.64828491211,"[{'asset': GLD, 'quantity': 281.0}]",0.0
2023-07-31 09:30:00-04:00,101427.47622680664,50164.64828491211,"[{'asset': GLD, 'quantity': 281.0}]",0.0
2023-08-01 09:30:00-04:00,100983.5,50164.64828491211,"[{'asset': GLD, 'quantity': 281.0}]",-0.004377277669946555
2023-08-02 09:30:00-04:00,100904.82034301758,50164.64828491211,"[{'asset': GLD, 'quantity': 281.0}]",-0.0007791337890092898
2023-08-03 09:30:00-04:00,100587.28897094727,50164.64828491211,"[{'asset': GLD, 'quantity': 281.0}]",-0.0031468404679865225
2023-08-04 09:30:00-04:00,100814.89828491211,50164.64828491211,"[{'asset': GLD, 'quantity': 281.0}]",0.0022628039416647816
2023-08-05 09:30:00-04:00,100814.89828491211,50164.64828491211,"[{'asset': GLD, 'quantity': 281.0}]",0.0
2023-08-05 09:29:00-04:00,100814.89828491211,50164.64828491211,"[{'asset': GLD, 'quantity': 281.0}]",0.0
2023-08-07 08:30:00-04:00,100786.79656982422,50164.64828491211,"[{'asset': GLD, 'quantity': 281.0}]",-0.00027874565729835155
2023-08-07 09:30:00-04:00,100786.79656982422,50164.64828491211,"[{'asset': GLD, 'quantity': 281.0}]",0.0
2023-08-07 09:30:00-04:00,100786.79656982422,50164.64828491211,"[{'asset': GLD, 'quantity': 281.0}]",0.0
2023-08-08 09:30:00-04:00,100362.48811340332,50164.64828491211,"[{'asset': GLD, 'quantity': 281.0}]",-0.004209960737535101
2023-08-09 09:30:00-04:00,100373.72622680664,50164.64828491211,"[{'asset': GLD, 'quantity': 281.0}]",0.00011197523710881896
2023-08-10 09:30:00-04:00,100244.46862792969,50164.64828491211,"[{'asset': GLD, 'quantity': 281.0}]",-0.001287763279654297
2023-08-11 09:30:00-04:00,100098.34742736816,50164.64828491211,"[{'asset': GLD, 'quantity': 281.0}]",-0.0014576485122972382
2023-08-12 09:30:00-04:00,100098.34742736816,50164.64828491211,"[{'asset': GLD, 'quantity': 281.0}]",0.0
2023-08-12 09:29:00-04:00,100098.34742736816,50164.64828491211,"[{'asset': GLD, 'quantity': 281.0}]",0.0
2023-08-14 08:30:00-04:00,99862.3084564209,50164.64828491211,"[{'asset': GLD, 'quantity': 281.0}]",-0.00235807060769444
2023-08-14 09:30:00-04:00,99862.3084564209,50164.64828491211,"[{'asset': GLD, 'quantity': 281.0}]",0.0
2023-08-14 09:30:00-04:00,99862.3084564209,50164.64828491211,"[{'asset': GLD, 'quantity': 281.0}]",0.0
2023-08-15 09:30:00-04:00,99831.39828491211,50164.64828491211,"[{'asset': GLD, 'quantity': 281.0}]",-0.0003095279088434211
2023-08-16 09:30:00-04:00,99794.8669128418,50164.64828491211,"[{'asset': GLD, 'quantity': 281.0}]",-0.00036593068611590063
2023-08-17 09:30:00-04:00,99769.57794189453,50164.64828491211,"[{'asset': GLD, 'quantity': 281.0}]",-0.00025340953627761564
2023-08-18 09:30:00-04:00,99572.87879943848,50164.64828491211,"[{'asset': GLD, 'quantity': 281.0}]",-0.001971534274411879
2023-08-19 09:30:00-04:00,99572.87879943848,50164.64828491211,"[{'asset': GLD, 'quantity': 281.0}]",0.0
2023-08-19 09:29:00-04:00,99572.87879943848,50164.64828491211,"[{'asset': GLD, 'quantity': 281.0}]",0.0
2023-08-21 08:30:00-04:00,99592.54656982422,50164.64828491211,"[{'asset': GLD, 'quantity': 281.0}]",0.00019752135945938498
2023-08-21 09:30:00-04:00,99592.54656982422,50164.64828491211,"[{'asset': GLD, 'quantity': 281.0}]",0.0
2023-08-21 09:30:00-04:00,99592.54656982422,50164.64828491211,"[{'asset': GLD, 'quantity': 281.0}]",0.0
2023-08-22 09:30:00-04:00,99572.87879943848,50164.64828491211,"[{'asset': GLD, 'quantity': 281.0}]",-0.00019748235247663004
2023-08-23 09:30:00-04:00,99991.57034301758,50164.64828491211,"[{'asset': GLD, 'quantity': 281.0}]",0.004204875349867576
2023-08-24 09:30:00-04:00,100087.10931396484,50164.64828491211,"[{'asset': GLD, 'quantity': 281.0}]",0.0009554702523375536
2023-08-25 09:30:00-04:00,100064.62879943848,50164.64828491211,"[{'asset': GLD, 'quantity': 281.0}]",-0.00022460948947833348
2023-08-26 09:30:00-04:00,100064.62879943848,50164.64828491211,"[{'asset': GLD, 'quantity': 281.0}]",0.0
2023-08-26 09:29:00-04:00,100064.62879943848,50164.64828491211,"[{'asset': GLD, 'quantity': 281.0}]",0.0
2023-08-28 08:30:00-04:00,100084.29656982422,50164.64828491211,"[{'asset': GLD, 'quantity': 281.0}]",0.00019655067551549443
2023-08-28 09:30:00-04:00,100084.29656982422,50164.64828491211,"[{'asset': GLD, 'quantity': 281.0}]",0.0
2023-08-28 09:30:00-04:00,100084.29656982422,50164.64828491211,"[{'asset': GLD, 'quantity': 281.0}]",0.0
2023-08-29 09:30:00-04:00,100191.07794189453,50164.64828491211,"[{'asset': GLD, 'quantity': 281.0}]",0.0010669143485044774
2023-08-30 09:30:00-04:00,100907.62879943848,50164.64828491211,"[{'asset': GLD, 'quantity': 281.0}]",0.00715184298106375
2023-08-31 09:30:00-04:00,100848.6169128418,50164.64828491211,"[{'asset': GLD, 'quantity': 281.0}]",-0.0005848109533320711
2023-09-01 09:30:00-04:00,100969.44914245605,50164.64828491211,"[{'asset': GLD, 'quantity': 281.0}]",0.001198154553955666
2023-09-02 09:30:00-04:00,100969.44914245605,50164.64828491211,"[{'asset': GLD, 'quantity': 281.0}]",0.0
2023-09-02 09:29:00-04:00,100969.44914245605,50164.64828491211,"[{'asset': GLD, 'quantity': 281.0}]",0.0
2023-09-05 08:30:00-04:00,100556.37879943848,50164.64828491211,"[{'asset': GLD, 'quantity': 281.0}]",-0.004091042850345561
2023-09-05 09:30:00-04:00,100556.37879943848,50164.64828491211,"[{'asset': GLD, 'quantity': 281.0}]",0.0
2023-09-05 09:30:00-04:00,100556.37879943848,50164.64828491211,"[{'asset': GLD, 'quantity': 281.0}]",0.0
2023-09-06 09:30:00-04:00,100275.37879943848,50164.64828491211,"[{'asset': GLD, 'quantity': 281.0}]",-0.002794452260064584
2023-09-07 09:30:00-04:00,100269.75759887695,50164.64828491211,"[{'asset': GLD, 'quantity': 281.0}]",-5.605763477356529e-05
2023-09-08 09:30:00-04:00,100283.8084564209,50164.64828491211,"[{'asset': GLD, 'quantity': 281.0}]",0.0001401305625985394
2023-09-09 09:30:00-04:00,100283.8084564209,50164.64828491211,"[{'asset': GLD, 'quantity': 281.0}]",0.0
2023-09-09 09:29:00-04:00,100283.8084564209,50164.64828491211,"[{'asset': GLD, 'quantity': 281.0}]",0.0
2023-09-11 08:30:00-04:00,100455.21862792969,50164.64828491211,"[{'asset': GLD, 'quantity': 281.0}]",0.0017092507170115567
2023-09-11 09:30:00-04:00,100455.21862792969,50164.64828491211,"[{'asset': GLD, 'quantity': 281.0}]",0.0
2023-09-11 09:30:00-04:00,100455.21862792969,50164.64828491211,"[{'asset': GLD, 'quantity': 281.0}]",0.0
2023-09-12 09:30:00-04:00,99932.5584564209,50164.64828491211,"[{'asset': GLD, 'quantity': 281.0}]",-0.005202917067401391
2023-09-13 09:30:00-04:00,100050.57794189453,50164.64828491211,"[{'asset': GLD, 'quantity': 281.0}]",0.0011809913335212308
2023-09-14 09:30:00-04:00,99761.14828491211,50164.64828491211,"[{'asset': GLD, 'quantity': 281.0}]",-0.002892833434210762
2023-09-15 09:30:00-04:00,100337.19914245605,50164.64828491211,"[{'asset': GLD, 'quantity': 281.0}]",0.005774300591436354
2023-09-16 09:30:00-04:00,100337.19914245605,50164.64828491211,"[{'asset': GLD, 'quantity': 281.0}]",0.0
2023-09-16 09:29:00-04:00,100337.19914245605,50164.64828491211,"[{'asset': GLD, 'quantity': 281.0}]",0.0
2023-09-18 08:30:00-04:00,100413.07034301758,50164.64828491211,"[{'asset': GLD, 'quantity': 281.0}]",0.0007561622330498619
2023-09-18 09:30:00-04:00,100413.07034301758,50164.64828491211,"[{'asset': GLD, 'quantity': 281.0}]",0.0
2023-09-18 09:30:00-04:00,100413.07034301758,50164.64828491211,"[{'asset': GLD, 'quantity': 281.0}]",0.0
2023-09-19 09:30:00-04:00,100615.38639831543,50164.64828491211,"[{'asset': GLD, 'quantity': 281.0}]",0.0020148378553381807
2023-09-20 09:30:00-04:00,100559.18725585938,50164.64828491211,"[{'asset': GLD, 'quantity': 281.0}]",-0.0005585541582434628
2023-09-21 09:30:00-04:00,100143.3084564209,50164.64828491211,"[{'asset': GLD, 'quantity': 281.0}]",-0.0041356619000939565
2023-09-22 09:30:00-04:00,100365.29656982422,50164.64828491211,"[{'asset': GLD, 'quantity': 281.0}]",0.0022167044091609966
2023-09-23 09:30:00-04:00,100365.29656982422,50164.64828491211,"[{'asset': GLD, 'quantity': 281.0}]",0.0
2023-09-23 09:29:00-04:00,100365.29656982422,50164.64828491211,"[{'asset': GLD, 'quantity': 281.0}]",0.0
2023-09-25 08:30:00-04:00,100297.85931396484,50164.64828491211,"[{'asset': GLD, 'quantity': 281.0}]",-0.000671918064950483
2023-09-25 09:30:00-04:00,100297.85931396484,50164.64828491211,"[{'asset': GLD, 'quantity': 281.0}]",0.0
2023-09-25 09:30:00-04:00,100297.85931396484,50164.64828491211,"[{'asset': GLD, 'quantity': 281.0}]",0.0
2023-09-26 09:30:00-04:00,99853.87879943848,50164.64828491211,"[{'asset': GLD, 'quantity': 281.0}]",-0.004426620045165364
2023-09-27 09:30:00-04:00,99415.51948547363,50164.64828491211,"[{'asset': GLD, 'quantity': 281.0}]",-0.004390007871855506
2023-09-28 09:30:00-04:00,99033.35931396484,50164.64828491211,"[{'asset': GLD, 'quantity': 281.0}]",-0.003844069552587648
2023-09-29 09:30:00-04:00,99036.16777038574,50164.64828491211,"[{'asset': GLD, 'quantity': 281.0}]",2.8358690852714474e-05
2023-09-30 09:30:00-04:00,99036.16777038574,50164.64828491211,"[{'asset': GLD, 'quantity': 281.0}]",0.0
2023-09-30 09:29:00-04:00,99036.16777038574,50164.64828491211,"[{'asset': GLD, 'quantity': 281.0}]",0.0
2023-10-02 08:30:00-04:00,97999.27708435059,50164.64828491211,"[{'asset': GLD, 'quantity': 281.0}]",-0.010469818343932458
2023-10-02 09:30:00-04:00,97999.27708435059,50164.64828491211,"[{'asset': GLD, 'quantity': 281.0}]",0.0
2023-10-02 09:30:00-04:00,97999.27708435059,50164.64828491211,"[{'asset': GLD, 'quantity': 281.0}]",0.0
2023-10-03 09:30:00-04:00,97692.98811340332,50164.64828491211,"[{'asset': GLD, 'quantity': 281.0}]",-0.0031254207179879367
2023-10-04 09:30:00-04:00,97712.66017150879,50164.64828491211,"[{'asset': GLD, 'quantity': 281.0}]",0.00020136612141130605
2023-10-05 09:30:00-04:00,97580.58982849121,50164.64828491211,"[{'asset': GLD, 'quantity': 281.0}]",-0.0013516195627645278
2023-10-06 09:30:00-04:00,97701.41777038574,50164.64828491211,"[{'asset': GLD, 'quantity': 281.0}]",0.0012382374620496517
2023-10-07 09:30:00-04:00,97701.41777038574,50164.64828491211,"[{'asset': GLD, 'quantity': 281.0}]",0.0
2023-10-07 09:29:00-04:00,97701.41777038574,50164.64828491211,"[{'asset': GLD, 'quantity': 281.0}]",0.0
2023-10-09 08:30:00-04:00,98266.22622680664,50164.64828491211,"[{'asset': GLD, 'quantity': 281.0}]",0.005780964793656196
2023-10-09 09:30:00-04:00,98266.22622680664,50164.64828491211,"[{'asset': GLD, 'quantity': 281.0}]",0.0
2023-10-09 09:30:00-04:00,98266.22622680664,50164.64828491211,"[{'asset': GLD, 'quantity': 281.0}]",0.0
2023-10-10 09:30:00-04:00,98519.12879943848,50164.64828491211,"[{'asset': GLD, 'quantity': 281.0}]",0.0025736469420136743
2023-10-11 09:30:00-04:00,98946.25,50164.64828491211,"[{'asset': GLD, 'quantity': 281.0}]",0.004335413901507712
2023-10-12 09:30:00-04:00,99075.50759887695,50164.64828491211,"[{'asset': GLD, 'quantity': 281.0}]",0.001306341562989477
2023-10-13 09:30:00-04:00,99870.73811340332,50164.64828491211,"[{'asset': GLD, 'quantity': 281.0}]",0.008026509616746003
2023-10-14 09:30:00-04:00,99870.73811340332,50164.64828491211,"[{'asset': GLD, 'quantity': 281.0}]",0.0
2023-10-14 09:29:00-04:00,99870.73811340332,50164.64828491211,"[{'asset': GLD, 'quantity': 281.0}]",0.0
2023-10-16 08:30:00-04:00,100137.68725585938,50164.64828491211,"[{'asset': GLD, 'quantity': 281.0}]",0.002672946525667408
2023-10-16 09:30:00-04:00,100137.68725585938,50164.64828491211,"[{'asset': GLD, 'quantity': 281.0}]",0.0
2023-10-16 09:30:00-04:00,100137.68725585938,50164.64828491211,"[{'asset': GLD, 'quantity': 281.0}]",0.0
2023-10-17 09:30:00-04:00,100286.6169128418,50164.64828491211,"[{'asset': GLD, 'quantity': 281.0}]",0.0014872488177393173
2023-10-18 09:30:00-04:00,100994.73811340332,50164.64828491211,"[{'asset': GLD, 'quantity': 281.0}]",0.007060974059748704
2023-10-19 09:30:00-04:00,101036.88639831543,50164.64828491211,"[{'asset': GLD, 'quantity': 281.0}]",0.0004173314936941619
2023-10-20 09:30:00-04:00,101708.47622680664,50164.64828491211,"[{'asset': GLD, 'quantity': 281.0}]",0.006646976687737727
2023-10-21 09:30:00-04:00,101708.47622680664,50164.64828491211,"[{'asset': GLD, 'quantity': 281.0}]",0.0
2023-10-21 09:29:00-04:00,101708.47622680664,50164.64828491211,"[{'asset': GLD, 'quantity': 281.0}]",0.0
2023-10-23 08:30:00-04:00,101730.95674133301,50164.64828491211,"[{'asset': GLD, 'quantity': 281.0}]",0.00022102891873276853
2023-10-23 09:30:00-04:00,101730.95674133301,50164.64828491211,"[{'asset': GLD, 'quantity': 281.0}]",0.0
2023-10-23 09:30:00-04:00,101730.95674133301,50164.64828491211,"[{'asset': GLD, 'quantity': 281.0}]",0.0
2023-10-24 09:30:00-04:00,101326.32034301758,50164.64828491211,"[{'asset': GLD, 'quantity': 281.0}]",-0.003977514920500358
2023-10-25 09:30:00-04:00,101705.66777038574,50164.64828491211,"[{'asset': GLD, 'quantity': 281.0}]",0.003743819237528534
2023-10-26 09:30:00-04:00,101700.04656982422,50164.64828491211,"[{'asset': GLD, 'quantity': 281.0}]",-5.526929506238787e-05
2023-10-27 09:30:00-04:00,101801.20674133301,50164.64828491211,"[{'asset': GLD, 'quantity': 281.0}]",0.0009946914964227282
2023-10-28 09:30:00-04:00,101801.20674133301,50164.64828491211,"[{'asset': GLD, 'quantity': 281.0}]",0.0
2023-10-28 09:29:00-04:00,101801.20674133301,50164.64828491211,"[{'asset': GLD, 'quantity': 281.0}]",0.0
2023-10-30 08:30:00-04:00,102301.38639831543,50164.64828491211,"[{'asset': GLD, 'quantity': 281.0}]",0.004913297916529835
2023-10-30 09:30:00-04:00,102301.38639831543,50164.64828491211,"[{'asset': GLD, 'quantity': 281.0}]",0.0
2023-10-30 09:30:00-04:00,102301.38639831543,50164.64828491211,"[{'asset': GLD, 'quantity': 281.0}]",0.0
2023-10-31 09:30:00-04:00,102172.12879943848,50164.64828491211,"[{'asset': GLD, 'quantity': 281.0}]",-0.0012634980172573362
2023-11-01 09:30:00-04:00,101843.35931396484,50164.64828491211,"[{'asset': GLD, 'quantity': 281.0}]",-0.0032178000922247207
2023-11-02 09:30:00-04:00,101905.17965698242,50164.64828491211,"[{'asset': GLD, 'quantity': 281.0}]",0.0006070139814122744
2023-11-03 09:30:00-04:00,102003.52708435059,50164.64828491211,"[{'asset': GLD, 'quantity': 281.0}]",0.0009650876206608316
2023-11-04 09:30:00-04:00,102003.52708435059,50164.64828491211,"[{'asset': GLD, 'quantity': 281.0}]",0.0
2023-11-04 09:29:00-04:00,102003.52708435059,50164.64828491211,"[{'asset': GLD, 'quantity': 281.0}]",0.0
2023-11-06 08:30:00-05:00,101907.98811340332,50164.64828491211,"[{'asset': GLD, 'quantity': 281.0}]",-0.0009366241901445083
2023-11-06 09:30:00-05:00,101907.98811340332,50164.64828491211,"[{'asset': GLD, 'quantity': 281.0}]",0.0
2023-11-06 09:30:00-05:00,101907.98811340332,50164.64828491211,"[{'asset': GLD, 'quantity': 281.0}]",0.0
2023-11-07 09:30:00-05:00,101376.89828491211,50164.64828491211,"[{'asset': GLD, 'quantity': 281.0}]",-0.005211464168051405
2023-11-08 09:30:00-05:00,101309.45674133301,50164.64828491211,"[{'asset': GLD, 'quantity': 281.0}]",-0.0006652555436206242
2023-11-09 09:30:00-05:00,101020.02708435059,50164.64828491211,"[{'asset': GLD, 'quantity': 281.0}]",-0.002856886872085407
2023-11-10 09:30:00-05:00,100887.95674133301,50164.64828491211,"[{'asset': GLD, 'quantity': 281.0}]",-0.001307367923266356
2023-11-11 09:30:00-05:00,100887.95674133301,50164.64828491211,"[{'asset': GLD, 'quantity': 281.0}]",0.0
2023-11-11 09:29:00-05:00,100887.95674133301,50164.64828491211,"[{'asset': GLD, 'quantity': 281.0}]",0.0
2023-11-13 08:30:00-05:00,100576.04656982422,50164.64828491211,"[{'asset': GLD, 'quantity': 281.0}]",-0.003091649207531244
2023-11-13 09:30:00-05:00,100576.04656982422,50164.64828491211,"[{'asset': GLD, 'quantity': 281.0}]",0.0
2023-11-13 09:30:00-05:00,100576.04656982422,50164.64828491211,"[{'asset': GLD, 'quantity': 281.0}]",0.0
2023-11-14 09:30:00-05:00,101222.34742736816,50164.64828491211,"[{'asset': GLD, 'quantity': 281.0}]",0.006425991869696945
2023-11-15 09:30:00-05:00,101315.07794189453,50164.64828491211,"[{'asset': GLD, 'quantity': 281.0}]",0.0009161071332879356
2023-11-16 09:30:00-05:00,101545.5,50164.64828491211,"[{'asset': GLD, 'quantity': 281.0}]",0.002274311610731994
2023-11-17 09:30:00-05:00,101857.41017150879,50164.64828491211,"[{'asset': GLD, 'quantity': 281.0}]",0.0030716296784081276
2023-11-18 09:30:00-05:00,101857.41017150879,50164.64828491211,"[{'asset': GLD, 'quantity': 281.0}]",0.0
2023-11-18 09:29:00-05:00,101857.41017150879,50164.64828491211,"[{'asset': GLD, 'quantity': 281.0}]",0.0
2023-11-20 08:30:00-05:00,101396.57034301758,50164.64828491211,"[{'asset': GLD, 'quantity': 281.0}]",-0.004524362319002995
2023-11-20 09:30:00-05:00,101396.57034301758,50164.64828491211,"[{'asset': GLD, 'quantity': 281.0}]",0.0
2023-11-20 09:30:00-05:00,101396.57034301758,50164.64828491211,"[{'asset': GLD, 'quantity': 281.0}]",0.0
2023-11-21 09:30:00-05:00,102309.82034301758,50164.64828491211,"[{'asset': GLD, 'quantity': 281.0}]",0.009006714890952727
2023-11-22 09:30:00-05:00,102281.71862792969,50164.64828491211,"[{'asset': GLD, 'quantity': 281.0}]",-0.0002746727048652531
2023-11-23 09:30:00-05:00,102281.71862792969,50164.64828491211,"[{'asset': GLD, 'quantity': 281.0}]",0.0
2023-11-23 09:29:00-05:00,102281.71862792969,50164.64828491211,"[{'asset': GLD, 'quantity': 281.0}]",0.0
2023-11-24 08:30:00-05:00,102281.71862792969,50164.64828491211,"[{'asset': GLD, 'quantity': 281.0}]",0.0
2023-11-24 09:30:00-05:00,102281.71862792969,50164.64828491211,"[{'asset': GLD, 'quantity': 281.0}]",0.0
2023-11-24 09:30:00-05:00,102281.71862792969,50164.64828491211,"[{'asset': GLD, 'quantity': 281.0}]",0.0
2023-11-25 09:30:00-05:00,102281.71862792969,50164.64828491211,"[{'asset': GLD, 'quantity': 281.0}]",0.0
2023-11-25 09:29:00-05:00,102281.71862792969,50164.64828491211,"[{'asset': GLD, 'quantity': 281.0}]",0.0
2023-11-27 08:30:00-05:00,102588.00759887695,50164.64828491211,"[{'asset': GLD, 'quantity': 281.0}]",0.002994562225351771
2023-11-27 09:30:00-05:00,102588.00759887695,50164.64828491211,"[{'asset': GLD, 'quantity': 281.0}]",0.0
2023-11-27 09:30:00-05:00,102588.00759887695,50164.64828491211,"[{'asset': GLD, 'quantity': 281.0}]",0.0
2023-11-28 09:30:00-05:00,102964.54656982422,50164.64828491211,"[{'asset': GLD, 'quantity': 281.0}]",0.0036703994917177685
2023-11-29 09:30:00-05:00,103318.60931396484,50164.64828491211,"[{'asset': GLD, 'quantity': 281.0}]",0.0034386859937320935
2023-11-30 09:30:00-05:00,103242.73811340332,50164.64828491211,"[{'asset': GLD, 'quantity': 281.0}]",-0.0007343420615638641
2023-12-01 09:30:00-05:00,103220.25759887695,50164.64828491211,"[{'asset': GLD, 'quantity': 281.0}]",-0.000217744268867337
2023-12-02 09:30:00-05:00,103220.25759887695,50164.64828491211,"[{'asset': GLD, 'quantity': 281.0}]",0.0
2023-12-02 09:29:00-05:00,103220.25759887695,50164.64828491211,"[{'asset': GLD, 'quantity': 281.0}]",0.0
2023-12-04 08:30:00-05:00,103442.25,50164.64828491211,"[{'asset': GLD, 'quantity': 281.0}]",0.002150666993931738
2023-12-04 09:30:00-05:00,103442.25,50164.64828491211,"[{'asset': GLD, 'quantity': 281.0}]",0.0
2023-12-04 09:30:00-05:00,103442.25,50164.64828491211,"[{'asset': GLD, 'quantity': 281.0}]",0.0
2023-12-05 09:30:00-05:00,102866.19914245605,50164.64828491211,"[{'asset': GLD, 'quantity': 281.0}]",-0.0055688160064572
2023-12-06 09:30:00-05:00,103082.57034301758,50164.64828491211,"[{'asset': GLD, 'quantity': 281.0}]",0.002103423693742945
2023-12-07 09:30:00-05:00,103119.09742736816,50164.64828491211,"[{'asset': GLD, 'quantity': 281.0}]",0.0003543478226148977
2023-12-08 09:30:00-05:00,102410.97622680664,50164.64828491211,"[{'asset': GLD, 'quantity': 281.0}]",-0.006867022871881567
2023-12-09 09:30:00-05:00,102410.97622680664,50164.64828491211,"[{'asset': GLD, 'quantity': 281.0}]",0.0
2023-12-09 09:29:00-05:00,102410.97622680664,50164.64828491211,"[{'asset': GLD, 'quantity': 281.0}]",0.0
2023-12-11 08:30:00-05:00,102009.14828491211,50164.64828491211,"[{'asset': GLD, 'quantity': 281.0}]",-0.003923680416878517
2023-12-11 09:30:00-05:00,102009.14828491211,50164.64828491211,"[{'asset': GLD, 'quantity': 281.0}]",0.0
2023-12-11 09:30:00-05:00,102009.14828491211,50164.64828491211,"[{'asset': GLD, 'quantity': 281.0}]",0.0
2023-12-12 09:30:00-05:00,101823.68725585938,50164.64828491211,"[{'asset': GLD, 'quantity': 281.0}]",-0.001818082320761527
2023-12-13 09:30:00-05:00,101818.07034301758,50164.64828491211,"[{'asset': GLD, 'quantity': 281.0}]",-5.516312552777958e-05
2023-12-14 09:30:00-05:00,103234.3084564209,50164.64828491211,"[{'asset': GLD, 'quantity': 281.0}]",0.01390949669967334
2023-12-15 09:30:00-05:00,103138.76948547363,50164.64828491211,"[{'asset': GLD, 'quantity': 281.0}]",-0.0009254575574320079
2023-12-16 09:30:00-05:00,103138.76948547363,50164.64828491211,"[{'asset': GLD, 'quantity': 281.0}]",0.0
2023-12-16 09:29:00-05:00,103138.76948547363,50164.64828491211,"[{'asset': GLD, 'quantity': 281.0}]",0.0
2023-12-18 08:30:00-05:00,102852.14828491211,50164.64828491211,"[{'asset': GLD, 'quantity': 281.0}]",-0.0027789860397926525
2023-12-18 09:30:00-05:00,102852.14828491211,50164.64828491211,"[{'asset': GLD, 'quantity': 281.0}]",0.0
2023-12-18 09:30:00-05:00,102852.14828491211,50164.64828491211,"[{'asset': GLD, 'quantity': 281.0}]",0.0
2023-12-19 09:30:00-05:00,103057.27708435059,50164.64828491211,"[{'asset': GLD, 'quantity': 281.0}]",0.0019944046172983843
2023-12-20 09:30:00-05:00,103186.53897094727,50164.64828491211,"[{'asset': GLD, 'quantity': 281.0}]",0.00125427228676811
2023-12-21 09:30:00-05:00,103332.66017150879,50164.64828491211,"[{'asset': GLD, 'quantity': 281.0}]",0.001416087815511169
2023-12-22 09:30:00-05:00,104004.25,50164.64828491211,"[{'asset': GLD, 'quantity': 281.0}]",0.006499298744235604
2023-12-23 09:30:00-05:00,104004.25,50164.64828491211,"[{'asset': GLD, 'quantity': 281.0}]",0.0
2023-12-23 09:29:00-05:00,104004.25,50164.64828491211,"[{'asset': GLD, 'quantity': 281.0}]",0.0
2023-12-26 08:30:00-05:00,103827.21862792969,50164.64828491211,"[{'asset': GLD, 'quantity': 281.0}]",-0.0017021551722194994
2023-12-26 09:30:00-05:00,103827.21862792969,50164.64828491211,"[{'asset': GLD, 'quantity': 281.0}]",0.0
2023-12-26 09:30:00-05:00,103827.21862792969,50164.64828491211,"[{'asset': GLD, 'quantity': 281.0}]",0.0
2023-12-27 09:30:00-05:00,104052.01948547363,50164.64828491211,"[{'asset': GLD, 'quantity': 281.0}]",0.0021651437890244374
2023-12-28 09:30:00-05:00,104212.18725585938,50164.64828491211,"[{'asset': GLD, 'quantity': 281.0}]",0.0015393047744556299
2023-12-29 09:30:00-05:00,103832.83982849121,50164.64828491211,"[{'asset': GLD, 'quantity': 281.0}]",-0.0036401445680896982
2023-12-30 09:30:00-05:00,103832.83982849121,50164.64828491211,"[{'asset': GLD, 'quantity': 281.0}]",0.0
2023-12-30 09:29:00-05:00,103832.83982849121,50164.64828491211,"[{'asset': GLD, 'quantity': 281.0}]",0.0
2024-01-02 08:30:00-05:00,103959.28897094727,50164.64828491211,"[{'asset': GLD, 'quantity': 281.0}]",0.0012178145436927412
2024-01-02 09:30:00-05:00,103959.28897094727,50164.64828491211,"[{'asset': GLD, 'quantity': 281.0}]",0.0
2024-01-02 09:30:00-05:00,103959.28897094727,50164.64828491211,"[{'asset': GLD, 'quantity': 281.0}]",0.0
2024-01-03 09:30:00-05:00,103209.01948547363,50164.64828491211,"[{'asset': GLD, 'quantity': 281.0}]",-0.007216954760851713
2024-01-04 09:30:00-05:00,103296.12879943848,50164.64828491211,"[{'asset': GLD, 'quantity': 281.0}]",0.0008440087348868808
2024-01-05 09:30:00-05:00,103464.72622680664,50164.64828491211,"[{'asset': GLD, 'quantity': 281.0}]",0.0016321756616408667
2024-01-06 09:30:00-05:00,103464.72622680664,50164.64828491211,"[{'asset': GLD, 'quantity': 281.0}]",0.0
2024-01-06 09:29:00-05:00,103464.72622680664,50164.64828491211,"[{'asset': GLD, 'quantity': 281.0}]",0.0
2024-01-08 08:30:00-05:00,102770.66017150879,50164.64828491211,"[{'asset': GLD, 'quantity': 281.0}]",-0.00670823845584223
2024-01-08 09:30:00-05:00,102770.66017150879,50164.64828491211,"[{'asset': GLD, 'quantity': 281.0}]",0.0
2024-01-08 09:30:00-05:00,102770.66017150879,50164.64828491211,"[{'asset': GLD, 'quantity': 281.0}]",0.0
2024-01-09 09:30:00-05:00,103183.72622680664,50164.64828491211,"[{'asset': GLD, 'quantity': 281.0}]",0.004019299424646183
2024-01-10 09:30:00-05:00,103031.98811340332,50164.64828491211,"[{'asset': GLD, 'quantity': 281.0}]",-0.0014705624515806148
2024-01-11 09:30:00-05:00,102998.26948547363,50164.64828491211,"[{'asset': GLD, 'quantity': 281.0}]",-0.00032726368331914557
2024-01-12 09:30:00-05:00,103742.91777038574,50164.64828491211,"[{'asset': GLD, 'quantity': 281.0}]",0.00722971646642212
2024-01-13 09:30:00-05:00,103742.91777038574,50164.64828491211,"[{'asset': GLD, 'quantity': 281.0}]",0.0
2024-01-13 09:29:00-05:00,103742.91777038574,50164.64828491211,"[{'asset': GLD, 'quantity': 281.0}]",0.0
2024-01-16 08:30:00-05:00,103315.79656982422,50164.64828491211,"[{'asset': GLD, 'quantity': 281.0}]",-0.004117111892947389
2024-01-16 09:30:00-05:00,103315.79656982422,50164.64828491211,"[{'asset': GLD, 'quantity': 281.0}]",0.0
2024-01-16 09:30:00-05:00,103315.79656982422,50164.64828491211,"[{'asset': GLD, 'quantity': 281.0}]",0.0
2024-01-17 09:30:00-05:00,102798.75759887695,50164.64828491211,"[{'asset': GLD, 'quantity': 281.0}]",-0.005004452253318581
2024-01-18 09:30:00-05:00,102531.8084564209,50164.64828491211,"[{'asset': GLD, 'quantity': 281.0}]",-0.0025968129254800854
2024-01-19 09:30:00-05:00,103065.70674133301,50164.64828491211,"[{'asset': GLD, 'quantity': 281.0}]",0.005207147839775272
2024-01-20 09:30:00-05:00,103065.70674133301,50164.64828491211,"[{'asset': GLD, 'quantity': 281.0}]",0.0
2024-01-20 09:29:00-05:00,103065.70674133301,50164.64828491211,"[{'asset': GLD, 'quantity': 281.0}]",0.0
2024-01-22 08:30:00-05:00,102776.27708435059,50164.64828491211,"[{'asset': GLD, 'quantity': 281.0}]",-0.0028082052326949825
2024-01-22 09:30:00-05:00,102776.27708435059,50164.64828491211,"[{'asset': GLD, 'quantity': 281.0}]",0.0
2024-01-22 09:30:00-05:00,102776.27708435059,50164.64828491211,"[{'asset': GLD, 'quantity': 281.0}]",0.0
2024-01-23 09:30:00-05:00,102838.09742736816,50164.64828491211,"[{'asset': GLD, 'quantity': 281.0}]",0.0006015040121256643
2024-01-24 09:30:00-05:00,103085.37879943848,50164.64828491211,"[{'asset': GLD, 'quantity': 281.0}]",0.002404569690186653
2024-01-25 09:30:00-05:00,102807.18725585938,50164.64828491211,"[{'asset': GLD, 'quantity': 281.0}]",-0.002698651805125074
2024-01-26 09:30:00-05:00,102787.51948547363,50164.64828491211,"[{'asset': GLD, 'quantity': 281.0}]",-0.0001913073483549299
2024-01-27 09:30:00-05:00,102787.51948547363,50164.64828491211,"[{'asset': GLD, 'quantity': 281.0}]",0.0
2024-01-27 09:29:00-05:00,102787.51948547363,50164.64828491211,"[{'asset': GLD, 'quantity': 281.0}]",0.0
2024-01-29 08:30:00-05:00,103079.75759887695,50164.64828491211,"[{'asset': GLD, 'quantity': 281.0}]",0.002843128376540216
2024-01-29 09:30:00-05:00,103079.75759887695,50164.64828491211,"[{'asset': GLD, 'quantity': 281.0}]",0.0
2024-01-29 09:30:00-05:00,103079.75759887695,50164.64828491211,"[{'asset': GLD, 'quantity': 281.0}]",0.0
2024-01-30 09:30:00-05:00,103470.34742736816,50164.64828491211,"[{'asset': GLD, 'quantity': 281.0}]",0.003789200106689705
2024-01-31 09:30:00-05:00,103377.6169128418,50164.64828491211,"[{'asset': GLD, 'quantity': 281.0}]",-0.000896203761096448
2024-02-01 09:30:00-05:00,103473.16017150879,50164.64828491211,"[{'asset': GLD, 'quantity': 281.0}]",0.0009242161071245647
2024-02-02 09:30:00-05:00,103012.32034301758,50164.64828491211,"[{'asset': GLD, 'quantity': 281.0}]",-0.004453713675385607
2024-02-03 09:30:00-05:00,103012.32034301758,50164.64828491211,"[{'asset': GLD, 'quantity': 281.0}]",0.0
2024-02-03 09:29:00-05:00,103012.32034301758,50164.64828491211,"[{'asset': GLD, 'quantity': 281.0}]",0.0
2024-02-05 08:30:00-05:00,102677.92965698242,50164.64828491211,"[{'asset': GLD, 'quantity': 281.0}]",-0.0032461232299367815
2024-02-05 09:30:00-05:00,102677.92965698242,50164.64828491211,"[{'asset': GLD, 'quantity': 281.0}]",0.0
2024-02-05 09:30:00-05:00,102677.92965698242,50164.64828491211,"[{'asset': GLD, 'quantity': 281.0}]",0.0
2024-02-06 09:30:00-05:00,102975.78897094727,50164.64828491211,"[{'asset': GLD, 'quantity': 281.0}]",0.002900908841460881
2024-02-07 09:30:00-05:00,103119.09742736816,50164.64828491211,"[{'asset': GLD, 'quantity': 281.0}]",0.001391671361326896
2024-02-08 09:30:00-05:00,102967.35931396484,50164.64828491211,"[{'asset': GLD, 'quantity': 281.0}]",-0.001471484110983412
2024-02-09 09:30:00-05:00,102869.00759887695,50164.64828491211,"[{'asset': GLD, 'quantity': 281.0}]",-0.0009551737146914485
2024-02-10 09:30:00-05:00,102869.00759887695,50164.64828491211,"[{'asset': GLD, 'quantity': 281.0}]",0.0
2024-02-10 09:29:00-05:00,102869.00759887695,50164.64828491211,"[{'asset': GLD, 'quantity': 281.0}]",0.0
2024-02-12 08:30:00-05:00,102599.25,50164.64828491211,"[{'asset': GLD, 'quantity': 281.0}]",-0.0026223408310580565
2024-02-12 09:30:00-05:00,102599.25,50164.64828491211,"[{'asset': GLD, 'quantity': 281.0}]",0.0
2024-02-12 09:30:00-05:00,102599.25,50164.64828491211,"[{'asset': GLD, 'quantity': 281.0}]",0.0
2024-02-13 09:30:00-05:00,102248.0,50164.64828491211,"[{'asset': GLD, 'quantity': 281.0}]",-0.003423514304441766
2024-02-14 09:30:00-05:00,101944.51948547363,50164.64828491211,"[{'asset': GLD, 'quantity': 281.0}]",-0.0029680826473512667
2024-02-15 09:30:00-05:00,102318.25,50164.64828491211,"[{'asset': GLD, 'quantity': 281.0}]",0.003666018697352502
2024-02-16 09:30:00-05:00,102172.12879943848,50164.64828491211,"[{'asset': GLD, 'quantity': 281.0}]",-0.0014281049623261488
2024-02-17 09:30:00-05:00,102172.12879943848,50164.64828491211,"[{'asset': GLD, 'quantity': 281.0}]",0.0
2024-02-17 09:29:00-05:00,102172.12879943848,50164.64828491211,"[{'asset': GLD, 'quantity': 281.0}]",0.0
2024-02-20 08:30:00-05:00,102981.41017150879,50164.64828491211,"[{'asset': GLD, 'quantity': 281.0}]",0.007920764513568157
2024-02-20 09:30:00-05:00,102981.41017150879,50164.64828491211,"[{'asset': GLD, 'quantity': 281.0}]",0.0
2024-02-20 09:30:00-05:00,102981.41017150879,50164.64828491211,"[{'asset': GLD, 'quantity': 281.0}]",0.0
2024-02-21 09:30:00-05:00,102958.92965698242,50164.64828491211,"[{'asset': GLD, 'quantity': 281.0}]",-0.00021829682161977892
2024-02-22 09:30:00-05:00,102869.00759887695,50164.64828491211,"[{'asset': GLD, 'quantity': 281.0}]",-0.0008733779421080667
2024-02-23 09:30:00-05:00,102869.00759887695,50164.64828491211,"[{'asset': GLD, 'quantity': 281.0}]",0.0
2024-02-24 09:30:00-05:00,102869.00759887695,50164.64828491211,"[{'asset': GLD, 'quantity': 281.0}]",0.0
2024-02-24 09:29:00-05:00,102869.00759887695,50164.64828491211,"[{'asset': GLD, 'quantity': 281.0}]",0.0
2024-02-26 08:30:00-05:00,102933.63639831543,50164.64828491211,"[{'asset': GLD, 'quantity': 281.0}]",0.0006282630789098409
2024-02-26 09:30:00-05:00,102933.63639831543,50164.64828491211,"[{'asset': GLD, 'quantity': 281.0}]",0.0
2024-02-26 09:30:00-05:00,102933.63639831543,50164.64828491211,"[{'asset': GLD, 'quantity': 281.0}]",0.0
2024-02-27 09:30:00-05:00,103155.62879943848,50164.64828491211,"[{'asset': GLD, 'quantity': 281.0}]",0.0021566555782019936
2024-02-28 09:30:00-05:00,103088.18725585938,50164.64828491211,"[{'asset': GLD, 'quantity': 281.0}]",-0.0006537844261530479
2024-02-29 09:30:00-05:00,103453.48811340332,50164.64828491211,"[{'asset': GLD, 'quantity': 281.0}]",0.0035435763036291146
2024-03-01 09:30:00-05:00,103630.51948547363,50164.64828491211,"[{'asset': GLD, 'quantity': 281.0}]",0.0017112170435109597
2024-03-02 09:30:00-05:00,103630.51948547363,50164.64828491211,"[{'asset': GLD, 'quantity': 281.0}]",0.0
2024-03-02 09:29:00-05:00,103630.51948547363,50164.64828491211,"[{'asset': GLD, 'quantity': 281.0}]",0.0
2024-03-04 08:30:00-05:00,104720.79656982422,50164.64828491211,"[{'asset': GLD, 'quantity': 281.0}]",0.01052081075887501
2024-03-04 09:30:00-05:00,104720.79656982422,50164.64828491211,"[{'asset': GLD, 'quantity': 281.0}]",0.0
2024-03-04 09:30:00-05:00,104720.79656982422,50164.64828491211,"[{'asset': GLD, 'quantity': 281.0}]",0.0
2024-03-05 09:30:00-05:00,105645.28897094727,50164.64828491211,"[{'asset': GLD, 'quantity': 281.0}]",0.008828164332254973
2024-03-06 09:30:00-05:00,105825.12879943848,50164.64828491211,"[{'asset': GLD, 'quantity': 281.0}]",0.0017022986092702919
2024-03-07 09:30:00-05:00,106235.38639831543,50164.64828491211,"[{'asset': GLD, 'quantity': 281.0}]",0.0038767502910814766
2024-03-08 09:30:00-05:00,106614.73811340332,50164.64828491211,"[{'asset': GLD, 'quantity': 281.0}]",0.0035708602185109406
2024-03-09 09:30:00-05:00,106614.73811340332,50164.64828491211,"[{'asset': GLD, 'quantity': 281.0}]",0.0
2024-03-09 09:29:00-05:00,106614.73811340332,50164.64828491211,"[{'asset': GLD, 'quantity': 281.0}]",0.0
2024-03-11 08:30:00-04:00,106845.16017150879,50164.64828491211,"[{'asset': GLD, 'quantity': 281.0}]",0.002161258960842405
2024-03-11 09:30:00-04:00,106845.16017150879,50164.64828491211,"[{'asset': GLD, 'quantity': 281.0}]",0.0
2024-03-11 09:30:00-04:00,106845.16017150879,50164.64828491211,"[{'asset': GLD, 'quantity': 281.0}]",0.0
2024-03-12 09:30:00-04:00,106482.66777038574,50164.64828491211,"[{'asset': GLD, 'quantity': 281.0}]",-0.0033926890140945076
2024-03-13 09:30:00-04:00,106488.28897094727,50164.64828491211,"[{'asset': GLD, 'quantity': 281.0}]",5.27898171527319e-05
2024-03-14 09:30:00-04:00,106468.6169128418,50164.64828491211,"[{'asset': GLD, 'quantity': 281.0}]",-0.00018473447451894387
2024-03-15 09:30:00-04:00,106347.78897094727,50164.64828491211,"[{'asset': GLD, 'quantity': 281.0}]",-0.001134869085351653
2024-03-16 09:30:00-04:00,106347.78897094727,50164.64828491211,"[{'asset': GLD, 'quantity': 281.0}]",0.0
2024-03-16 09:29:00-04:00,106347.78897094727,50164.64828491211,"[{'asset': GLD, 'quantity': 281.0}]",0.0
2024-03-18 08:30:00-04:00,106269.10931396484,50164.64828491211,"[{'asset': GLD, 'quantity': 281.0}]",-0.0007398335004775713
2024-03-18 09:30:00-04:00,106269.10931396484,50164.64828491211,"[{'asset': GLD, 'quantity': 281.0}]",0.0
2024-03-18 09:30:00-04:00,106269.10931396484,50164.64828491211,"[{'asset': GLD, 'quantity': 281.0}]",0.0
2024-03-19 09:30:00-04:00,106257.8669128418,50164.64828491211,"[{'asset': GLD, 'quantity': 281.0}]",-0.00010579180719239023
2024-03-20 09:30:00-04:00,106128.60931396484,50164.64828491211,"[{'asset': GLD, 'quantity': 281.0}]",-0.0012164520391038103
2024-03-21 09:30:00-04:00,107454.92965698242,50164.64828491211,"[{'asset': GLD, 'quantity': 281.0}]",0.012497293157718303
2024-03-22 09:30:00-04:00,106735.57034301758,50164.64828491211,"[{'asset': GLD, 'quantity': 281.0}]",-0.0066945212868425585
2024-03-23 09:30:00-04:00,106735.57034301758,50164.64828491211,"[{'asset': GLD, 'quantity': 281.0}]",0.0
2024-03-23 09:29:00-04:00,106735.57034301758,50164.64828491211,"[{'asset': GLD, 'quantity': 281.0}]",0.0
2024-03-25 08:30:00-04:00,106699.03897094727,50164.64828491211,"[{'asset': GLD, 'quantity': 281.0}]",-0.00034226052245667216
2024-03-25 09:30:00-04:00,106699.03897094727,50164.64828491211,"[{'asset': GLD, 'quantity': 281.0}]",0.0
2024-03-25 09:30:00-04:00,106699.03897094727,50164.64828491211,"[{'asset': GLD, 'quantity': 281.0}]",0.0
2024-03-26 09:30:00-04:00,107109.29656982422,50164.64828491211,"[{'asset': GLD, 'quantity': 281.0}]",0.0038449980696513286
2024-03-27 09:30:00-04:00,107016.57034301758,50164.64828491211,"[{'asset': GLD, 'quantity': 281.0}]",-0.000865715953481172
2024-03-28 09:30:00-04:00,107640.38639831543,50164.64828491211,"[{'asset': GLD, 'quantity': 281.0}]",0.005829153871202752
2024-03-29 09:30:00-04:00,107640.38639831543,50164.64828491211,"[{'asset': GLD, 'quantity': 281.0}]",0.0
2024-03-29 09:29:00-04:00,107640.38639831543,50164.64828491211,"[{'asset': GLD, 'quantity': 281.0}]",0.0
2024-04-01 08:30:00-04:00,108803.72622680664,50164.64828491211,"[{'asset': GLD, 'quantity': 281.0}]",0.010807651917806638
2024-04-01 09:30:00-04:00,108803.72622680664,50164.64828491211,"[{'asset': GLD, 'quantity': 281.0}]",0.0
2024-04-01 09:30:00-04:00,108803.72622680664,50164.64828491211,"[{'asset': GLD, 'quantity': 281.0}]",0.0
2024-04-02 09:30:00-04:00,108913.32034301758,50164.64828491211,"[{'asset': GLD, 'quantity': 281.0}]",0.0010072643650318458
2024-04-03 09:30:00-04:00,109334.82034301758,50164.64828491211,"[{'asset': GLD, 'quantity': 281.0}]",0.0038700500422952366
2024-04-04 09:30:00-04:00,109736.64828491211,50164.64828491211,"[{'asset': GLD, 'quantity': 281.0}]",0.003675205580746077
2024-04-05 09:30:00-04:00,109874.33982849121,50164.64828491211,"[{'asset': GLD, 'quantity': 281.0}]",0.001254745299142046
2024-04-06 09:30:00-04:00,109874.33982849121,50164.64828491211,"[{'asset': GLD, 'quantity': 281.0}]",0.0
2024-04-06 09:29:00-04:00,109874.33982849121,50164.64828491211,"[{'asset': GLD, 'quantity': 281.0}]",0.0
2024-04-08 08:30:00-04:00,110855.02708435059,50164.64828491211,"[{'asset': GLD, 'quantity': 281.0}]",0.008925534910063426
2024-04-08 09:30:00-04:00,110855.02708435059,50164.64828491211,"[{'asset': GLD, 'quantity': 281.0}]",0.0
2024-04-08 09:30:00-04:00,110855.02708435059,50164.64828491211,"[{'asset': GLD, 'quantity': 281.0}]",0.0
2024-04-09 09:30:00-04:00,111369.25759887695,50164.64828491211,"[{'asset': GLD, 'quantity': 281.0}]",0.004638765855292215
2024-04-10 09:30:00-04:00,110683.6169128418,50164.64828491211,"[{'asset': GLD, 'quantity': 281.0}]",-0.006156462751189862
2024-04-11 09:30:00-04:00,111099.5,50164.64828491211,"[{'asset': GLD, 'quantity': 281.0}]",0.0037574042008916564
2024-04-12 09:30:00-04:00,112510.1169128418,50164.64828491211,"[{'asset': GLD, 'quantity': 281.0}]",0.012696879039435727
2024-04-13 09:30:00-04:00,112510.1169128418,50164.64828491211,"[{'asset': GLD, 'quantity': 281.0}]",0.0
2024-04-13 09:29:00-04:00,112510.1169128418,50164.64828491211,"[{'asset': GLD, 'quantity': 281.0}]",0.0
2024-04-15 08:30:00-04:00,111405.78897094727,50164.64828491211,"[{'asset': GLD, 'quantity': 281.0}]",-0.009815365695069245
2024-04-15 09:30:00-04:00,111405.78897094727,50164.64828491211,"[{'asset': GLD, 'quantity': 281.0}]",0.0
2024-04-15 09:30:00-04:00,111405.78897094727,50164.64828491211,"[{'asset': GLD, 'quantity': 281.0}]",0.0
2024-04-16 09:30:00-04:00,112035.22622680664,50164.64828491211,"[{'asset': GLD, 'quantity': 281.0}]",0.005649951063346537
2024-04-17 09:30:00-04:00,112279.69914245605,50164.64828491211,"[{'asset': GLD, 'quantity': 281.0}]",0.002182107573510006
2024-04-18 09:30:00-04:00,112352.75759887695,50164.64828491211,"[{'asset': GLD, 'quantity': 281.0}]",0.0006506826877779037
2024-04-19 09:30:00-04:00,112122.33982849121,50164.64828491211,"[{'asset': GLD, 'quantity': 281.0}]",-0.0020508421449554337
2024-04-20 09:30:00-04:00,112122.33982849121,50164.64828491211,"[{'asset': GLD, 'quantity': 281.0}]",0.0
2024-04-20 09:29:00-04:00,112122.33982849121,50164.64828491211,"[{'asset': GLD, 'quantity': 281.0}]",0.0
2024-04-22 08:30:00-04:00,110959.0,50164.64828491211,"[{'asset': GLD, 'quantity': 281.0}]",-0.01037562924811164
2024-04-22 09:30:00-04:00,110959.0,50164.64828491211,"[{'asset': GLD, 'quantity': 281.0}]",0.0
2024-04-22 09:30:00-04:00,110959.0,50164.64828491211,"[{'asset': GLD, 'quantity': 281.0}]",0.0
2024-04-23 09:30:00-04:00,110287.41017150879,50164.64828491211,"[{'asset': GLD, 'quantity': 281.0}]",-0.006052594458234251
2024-04-24 09:30:00-04:00,110512.20674133301,50164.64828491211,"[{'asset': GLD, 'quantity': 281.0}]",0.002038279523244091
2024-04-25 09:30:00-04:00,110430.71862792969,50164.64828491211,"[{'asset': GLD, 'quantity': 281.0}]",-0.0007373675343761432
2024-04-26 09:30:00-04:00,111077.01948547363,50164.64828491211,"[{'asset': GLD, 'quantity': 281.0}]",0.005852545972479861
2024-04-27 09:30:00-04:00,111077.01948547363,50164.64828491211,"[{'asset': GLD, 'quantity': 281.0}]",0.0
2024-04-27 09:29:00-04:00,111077.01948547363,50164.64828491211,"[{'asset': GLD, 'quantity': 281.0}]",0.0
2024-04-29 08:30:00-04:00,110866.26948547363,50164.64828491211,"[{'asset': GLD, 'quantity': 281.0}]",-0.0018973321482357308
2024-04-29 09:30:00-04:00,110866.26948547363,50164.64828491211,"[{'asset': GLD, 'quantity': 281.0}]",0.0
2024-04-29 09:30:00-04:00,110866.26948547363,50164.64828491211,"[{'asset': GLD, 'quantity': 281.0}]",0.0
2024-04-30 09:30:00-04:00,110124.42965698242,50164.64828491211,"[{'asset': GLD, 'quantity': 281.0}]",-0.006691303242492674
2024-05-01 09:30:00-04:00,110006.41017150879,50164.64828491211,"[{'asset': GLD, 'quantity': 281.0}]",-0.0010716921380772293
2024-05-02 09:30:00-04:00,109708.54656982422,50164.64828491211,"[{'asset': GLD, 'quantity': 281.0}]",-0.002707693135519773
2024-05-03 09:30:00-04:00,109986.73811340332,50164.64828491211,"[{'asset': GLD, 'quantity': 281.0}]",0.0025357326505281996
2024-05-04 09:30:00-04:00,109986.73811340332,50164.64828491211,"[{'asset': GLD, 'quantity': 281.0}]",0.0
2024-05-04 09:29:00-04:00,109986.73811340332,50164.64828491211,"[{'asset': GLD, 'quantity': 281.0}]",0.0
2024-05-06 08:30:00-04:00,110618.98811340332,50164.64828491211,"[{'asset': GLD, 'quantity': 281.0}]",0.005748420317257752
2024-05-06 09:30:00-04:00,110618.98811340332,50164.64828491211,"[{'asset': GLD, 'quantity': 281.0}]",0.0
2024-05-06 09:30:00-04:00,110618.98811340332,50164.64828491211,"[{'asset': GLD, 'quantity': 281.0}]",0.0
2024-05-07 09:30:00-04:00,110444.76948547363,50164.64828491211,"[{'asset': GLD, 'quantity': 281.0}]",-0.0015749432434789545
2024-05-08 09:30:00-04:00,110191.8669128418,50164.64828491211,"[{'asset': GLD, 'quantity': 281.0}]",-0.0022898555885446648
2024-05-09 09:30:00-04:00,110433.52708435059,50164.64828491211,"[{'asset': GLD, 'quantity': 281.0}]",0.002193085372624859
2024-05-10 09:30:00-04:00,111765.46862792969,50164.64828491211,"[{'asset': GLD, 'quantity': 281.0}]",0.012061025113883739
2024-05-11 09:30:00-04:00,111765.46862792969,50164.64828491211,"[{'asset': GLD, 'quantity': 281.0}]",0.0
2024-05-11 09:29:00-04:00,111765.46862792969,50164.64828491211,"[{'asset': GLD, 'quantity': 281.0}]",0.0
2024-05-13 08:30:00-04:00,111158.50759887695,50164.64828491211,"[{'asset': GLD, 'quantity': 281.0}]",-0.005430666882213164
2024-05-13 09:30:00-04:00,111158.50759887695,50164.64828491211,"[{'asset': GLD, 'quantity': 281.0}]",0.0
2024-05-13 09:30:00-04:00,111158.50759887695,50164.64828491211,"[{'asset': GLD, 'quantity': 281.0}]",0.0
2024-05-14 09:30:00-04:00,111228.75759887695,50164.64828491211,"[{'asset': GLD, 'quantity': 281.0}]",0.0006319804171310839
2024-05-15 09:30:00-04:00,111720.50759887695,50164.64828491211,"[{'asset': GLD, 'quantity': 281.0}]",0.004421068890955171
2024-05-16 09:30:00-04:00,112023.98811340332,50164.64828491211,"[{'asset': GLD, 'quantity': 281.0}]",0.00271642620543755
2024-05-17 09:30:00-04:00,112597.22622680664,50164.64828491211,"[{'asset': GLD, 'quantity': 281.0}]",0.005117101462438711
2024-05-18 09:30:00-04:00,112597.22622680664,50164.64828491211,"[{'asset': GLD, 'quantity': 281.0}]",0.0
2024-05-18 09:29:00-04:00,112597.22622680664,50164.64828491211,"[{'asset': GLD, 'quantity': 281.0}]",0.0
2024-05-20 08:30:00-04:00,113049.63639831543,50164.64828491211,"[{'asset': GLD, 'quantity': 281.0}]",0.004017951300127942
2024-05-20 09:30:00-04:00,113049.63639831543,50164.64828491211,"[{'asset': GLD, 'quantity': 281.0}]",0.0
2024-05-20 09:30:00-04:00,113049.63639831543,50164.64828491211,"[{'asset': GLD, 'quantity': 281.0}]",0.0
2024-05-21 09:30:00-04:00,113325.01948547363,50164.64828491211,"[{'asset': GLD, 'quantity': 281.0}]",0.0024359484553133637
2024-05-22 09:30:00-04:00,112852.93725585938,50164.64828491211,"[{'asset': GLD, 'quantity': 281.0}]",-0.004165737025748073
2024-05-23 09:30:00-04:00,111641.82794189453,50164.64828491211,"[{'asset': GLD, 'quantity': 281.0}]",-0.010731748268270835
2024-05-24 09:30:00-04:00,111130.41017150879,50164.64828491211,"[{'asset': GLD, 'quantity': 281.0}]",-0.0045808795844145545
2024-05-25 09:30:00-04:00,111130.41017150879,50164.64828491211,"[{'asset': GLD, 'quantity': 281.0}]",0.0
2024-05-25 09:29:00-04:00,111130.41017150879,50164.64828491211,"[{'asset': GLD, 'quantity': 281.0}]",0.0
2024-05-28 08:30:00-04:00,111543.47622680664,50164.64828491211,"[{'asset': GLD, 'quantity': 281.0}]",0.0037169488950896667
2024-05-28 09:30:00-04:00,111543.47622680664,50164.64828491211,"[{'asset': GLD, 'quantity': 281.0}]",0.0
2024-05-28 09:30:00-04:00,111543.47622680664,50164.64828491211,"[{'asset': GLD, 'quantity': 281.0}]",0.0
2024-05-29 09:30:00-04:00,111119.16777038574,50164.64828491211,"[{'asset': GLD, 'quantity': 281.0}]",-0.0038039737578030586
2024-05-30 09:30:00-04:00,111054.53897094727,50164.64828491211,"[{'asset': GLD, 'quantity': 281.0}]",-0.0005816170219347105
2024-05-31 09:30:00-04:00,111358.01948547363,50164.64828491211,"[{'asset': GLD, 'quantity': 281.0}]",0.002732715991065948
2024-06-01 09:30:00-04:00,111358.01948547363,50164.64828491211,"[{'asset': GLD, 'quantity': 281.0}]",0.0
2024-06-01 09:29:00-04:00,111358.01948547363,50164.64828491211,"[{'asset': GLD, 'quantity': 281.0}]",0.0
2024-06-03 08:30:00-04:00,110838.16777038574,50164.64828491211,"[{'asset': GLD, 'quantity': 281.0}]",-0.004668291673018743
2024-06-03 09:30:00-04:00,110838.16777038574,50164.64828491211,"[{'asset': GLD, 'quantity': 281.0}]",0.0
2024-06-03 09:30:00-04:00,110838.16777038574,50164.64828491211,"[{'asset': GLD, 'quantity': 281.0}]",0.0
2024-06-04 09:30:00-04:00,110928.08982849121,50164.64828491211,"[{'asset': GLD, 'quantity': 281.0}]",0.0008112914523430437
2024-06-05 09:30:00-04:00,111054.53897094727,50164.64828491211,"[{'asset': GLD, 'quantity': 281.0}]",0.0011399199486041844
2024-06-06 09:30:00-04:00,111523.8084564209,50164.64828491211,"[{'asset': GLD, 'quantity': 281.0}]",0.004225576818579269
2024-06-07 09:30:00-04:00,110599.32034301758,50164.64828491211,"[{'asset': GLD, 'quantity': 281.0}]",-0.00828960314572269
2024-06-08 09:30:00-04:00,110599.32034301758,50164.64828491211,"[{'asset': GLD, 'quantity': 281.0}]",0.0
2024-06-08 09:29:00-04:00,110599.32034301758,50164.64828491211,"[{'asset': GLD, 'quantity': 281.0}]",0.0
2024-06-10 08:30:00-04:00,110054.17965698242,50164.64828491211,"[{'asset': GLD, 'quantity': 281.0}]",-0.004928969584482412
2024-06-10 09:30:00-04:00,110054.17965698242,50164.64828491211,"[{'asset': GLD, 'quantity': 281.0}]",0.0
2024-06-10 09:30:00-04:00,110054.17965698242,50164.64828491211,"[{'asset': GLD, 'quantity': 281.0}]",0.0
2024-06-11 09:30:00-04:00,110284.59742736816,50164.64828491211,"[{'asset': GLD, 'quantity': 281.0}]",0.0020936757795471106
2024-06-12 09:30:00-04:00,110992.71862792969,50164.64828491211,"[{'asset': GLD, 'quantity': 281.0}]",0.0064208531116767276
2024-06-13 09:30:00-04:00,110422.28897094727,50164.64828491211,"[{'asset': GLD, 'quantity': 281.0}]",-0.0051393430491113445
2024-06-14 09:30:00-04:00,110675.18725585938,50164.64828491211,"[{'asset': GLD, 'quantity': 281.0}]",0.0022902829425919258
2024-06-15 09:30:00-04:00,110675.18725585938,50164.64828491211,"[{'asset': GLD, 'quantity': 281.0}]",0.0
2024-06-15 09:29:00-04:00,110675.18725585938,50164.64828491211,"[{'asset': GLD, 'quantity': 281.0}]",0.0
2024-06-17 08:30:00-04:00,110551.54656982422,50164.64828491211,"[{'asset': GLD, 'quantity': 281.0}]",-0.0011171491018066027
2024-06-17 09:30:00-04:00,110551.54656982422,50164.64828491211,"[{'asset': GLD, 'quantity': 281.0}]",0.0
2024-06-17 09:30:00-04:00,110551.54656982422,50164.64828491211,"[{'asset': GLD, 'quantity': 281.0}]",0.0
2024-06-18 09:30:00-04:00,110405.42965698242,50164.64828491211,"[{'asset': GLD, 'quantity': 281.0}]",-0.0013217084461999429
2024-06-19 09:30:00-04:00,110405.42965698242,50164.64828491211,"[{'asset': GLD, 'quantity': 281.0}]",0.0
2024-06-19 09:29:00-04:00,110405.42965698242,50164.64828491211,"[{'asset': GLD, 'quantity': 281.0}]",0.0
2024-06-20 08:30:00-04:00,110950.57034301758,50164.64828491211,"[{'asset': GLD, 'quantity': 281.0}]",0.004937625692222225
2024-06-20 09:30:00-04:00,110950.57034301758,50164.64828491211,"[{'asset': GLD, 'quantity': 281.0}]",0.0
2024-06-20 09:30:00-04:00,110950.57034301758,50164.64828491211,"[{'asset': GLD, 'quantity': 281.0}]",0.0
2024-06-21 09:30:00-04:00,111374.87879943848,50164.64828491211,"[{'asset': GLD, 'quantity': 281.0}]",0.0038243017148005265
2024-06-22 09:30:00-04:00,111374.87879943848,50164.64828491211,"[{'asset': GLD, 'quantity': 281.0}]",0.0
2024-06-22 09:29:00-04:00,111374.87879943848,50164.64828491211,"[{'asset': GLD, 'quantity': 281.0}]",0.0
2024-06-24 08:30:00-04:00,110734.19914245605,50164.64828491211,"[{'asset': GLD, 'quantity': 281.0}]",-0.005752461092560557
2024-06-24 09:30:00-04:00,110734.19914245605,50164.64828491211,"[{'asset': GLD, 'quantity': 281.0}]",0.0
2024-06-24 09:30:00-04:00,110734.19914245605,50164.64828491211,"[{'asset': GLD, 'quantity': 281.0}]",0.0
2024-06-25 09:30:00-04:00,110568.41017150879,50164.64828491211,"[{'asset': GLD, 'quantity': 281.0}]",-0.001497179482320421
2024-06-26 09:30:00-04:00,109846.23811340332,50164.64828491211,"[{'asset': GLD, 'quantity': 281.0}]",-0.006531450140101258
2024-06-27 09:30:00-04:00,110498.16017150879,50164.64828491211,"[{'asset': GLD, 'quantity': 281.0}]",0.005934860121767915
2024-06-28 09:30:00-04:00,110759.48811340332,50164.64828491211,"[{'asset': GLD, 'quantity': 281.0}]",0.0023649981274702636
2024-06-29 09:30:00-04:00,110759.48811340332,50164.64828491211,"[{'asset': GLD, 'quantity': 281.0}]",0.0
2024-06-29 09:29:00-04:00,110759.48811340332,50164.64828491211,"[{'asset': GLD, 'quantity': 281.0}]",0.0
2024-07-01 08:30:00-04:00,110649.89828491211,50164.64828491211,"[{'asset': GLD, 'quantity': 281.0}]",-0.0009894396440240927
2024-07-01 09:30:00-04:00,110649.89828491211,50164.64828491211,"[{'asset': GLD, 'quantity': 281.0}]",0.0
2024-07-01 09:30:00-04:00,110649.89828491211,50164.64828491211,"[{'asset': GLD, 'quantity': 281.0}]",0.0
2024-07-02 09:30:00-04:00,110672.37879943848,50164.64828491211,"[{'asset': GLD, 'quantity': 281.0}]",0.00020316796377417567
2024-07-03 09:30:00-04:00,111237.18725585938,50164.64828491211,"[{'asset': GLD, 'quantity': 281.0}]",0.005103427454509202
2024-07-04 09:30:00-04:00,111237.18725585938,50164.64828491211,"[{'asset': GLD, 'quantity': 281.0}]",0.0
2024-07-04 09:29:00-04:00,111237.18725585938,50164.64828491211,"[{'asset': GLD, 'quantity': 281.0}]",0.0
2024-07-05 08:30:00-04:00,111866.62879943848,50164.64828491211,"[{'asset': GLD, 'quantity': 281.0}]",0.00565855321504416
2024-07-05 09:30:00-04:00,111866.62879943848,50164.64828491211,"[{'asset': GLD, 'quantity': 281.0}]",0.0
2024-07-05 09:30:00-04:00,111866.62879943848,50164.64828491211,"[{'asset': GLD, 'quantity': 281.0}]",0.0
2024-07-06 09:30:00-04:00,111866.62879943848,50164.64828491211,"[{'asset': GLD, 'quantity': 281.0}]",0.0
2024-07-06 09:29:00-04:00,111866.62879943848,50164.64828491211,"[{'asset': GLD, 'quantity': 281.0}]",0.0
2024-07-08 08:30:00-04:00,111883.48811340332,50164.64828491211,"[{'asset': GLD, 'quantity': 281.0}]",0.00015070905546887836
2024-07-08 09:30:00-04:00,111883.48811340332,50164.64828491211,"[{'asset': GLD, 'quantity': 281.0}]",0.0
2024-07-08 09:30:00-04:00,111883.48811340332,50164.64828491211,"[{'asset': GLD, 'quantity': 281.0}]",0.0
2024-07-09 09:30:00-04:00,111582.82034301758,50164.64828491211,"[{'asset': GLD, 'quantity': 281.0}]",-0.0026873292516674807
2024-07-10 09:30:00-04:00,112023.98811340332,50164.64828491211,"[{'asset': GLD, 'quantity': 281.0}]",0.003953724856833096
2024-07-11 09:30:00-04:00,112729.29656982422,50164.64828491211,"[{'asset': GLD, 'quantity': 281.0}]",0.006296048447292479
2024-07-12 09:30:00-04:00,112555.07794189453,50164.64828491211,"[{'asset': GLD, 'quantity': 281.0}]",-0.001545460082080563
2024-07-13 09:30:00-04:00,112555.07794189453,50164.64828491211,"[{'asset': GLD, 'quantity': 281.0}]",0.0
2024-07-13 09:29:00-04:00,112555.07794189453,50164.64828491211,"[{'asset': GLD, 'quantity': 281.0}]",0.0
2024-07-15 08:30:00-04:00,112937.23811340332,50164.64828491211,"[{'asset': GLD, 'quantity': 281.0}]",0.003395317017203636
2024-07-15 09:30:00-04:00,112937.23811340332,50164.64828491211,"[{'asset': GLD, 'quantity': 281.0}]",0.0
2024-07-15 09:30:00-04:00,112937.23811340332,50164.64828491211,"[{'asset': GLD, 'quantity': 281.0}]",0.0
2024-07-16 09:30:00-04:00,113516.09742736816,50164.64828491211,"[{'asset': GLD, 'quantity': 281.0}]",0.005125495572891436
2024-07-17 09:30:00-04:00,114454.63639831543,50164.64828491211,"[{'asset': GLD, 'quantity': 281.0}]",0.008267893208254273
2024-07-18 09:30:00-04:00,114151.16017150879,50164.64828491211,"[{'asset': GLD, 'quantity': 281.0}]",-0.0026514978890894714
2024-07-19 09:30:00-04:00,112411.76948547363,50164.64828491211,"[{'asset': GLD, 'quantity': 281.0}]",-0.015237608478282372
2024-07-20 09:30:00-04:00,112411.76948547363,50164.64828491211,"[{'asset': GLD, 'quantity': 281.0}]",0.0
2024-07-20 09:29:00-04:00,112411.76948547363,50164.64828491211,"[{'asset': GLD, 'quantity': 281.0}]",0.0
2024-07-22 08:30:00-04:00,112428.62879943848,50164.64828491211,"[{'asset': GLD, 'quantity': 281.0}]",0.00014997819215922803
2024-07-22 09:30:00-04:00,112428.62879943848,50164.64828491211,"[{'asset': GLD, 'quantity': 281.0}]",0.0
2024-07-22 09:30:00-04:00,112428.62879943848,50164.64828491211,"[{'asset': GLD, 'quantity': 281.0}]",0.0
2024-07-23 09:30:00-04:00,112642.18725585938,50164.64828491211,"[{'asset': GLD, 'quantity': 281.0}]",0.0018995024550363393
2024-07-24 09:30:00-04:00,112959.71862792969,50164.64828491211,"[{'asset': GLD, 'quantity': 281.0}]",0.002818938266433424
2024-07-25 09:30:00-04:00,111709.26948547363,50164.64828491211,"[{'asset': GLD, 'quantity': 281.0}]",-0.011069867716073434
2024-07-26 09:30:00-04:00,111973.41017150879,50164.64828491211,"[{'asset': GLD, 'quantity': 281.0}]",0.00236453686656235
2024-07-27 09:30:00-04:00,111973.41017150879,50164.64828491211,"[{'asset': GLD, 'quantity': 281.0}]",0.0
2024-07-27 09:29:00-04:00,111973.41017150879,50164.64828491211,"[{'asset': GLD, 'quantity': 281.0}]",0.0
2024-07-29 08:30:00-04:00,112338.70674133301,50164.64828491211,"[{'asset': GLD, 'quantity': 281.0}]",0.003262351028379795
2024-07-29 09:30:00-04:00,112338.70674133301,50164.64828491211,"[{'asset': GLD, 'quantity': 281.0}]",0.0
2024-07-29 09:30:00-04:00,112338.70674133301,50164.64828491211,"[{'asset': GLD, 'quantity': 281.0}]",0.0
2024-07-30 09:30:00-04:00,112380.85931396484,50164.64828491211,"[{'asset': GLD, 'quantity': 281.0}]",0.00037522750487850587
2024-07-31 09:30:00-04:00,113032.77708435059,50164.64828491211,"[{'asset': GLD, 'quantity': 281.0}]",0.005800968015064134
2024-08-01 09:30:00-04:00,113878.58982849121,50164.64828491211,"[{'asset': GLD, 'quantity': 281.0}]",0.007482898022663331
2024-08-02 09:30:00-04:00,114218.59742736816,50164.64828491211,"[{'asset': GLD, 'quantity': 281.0}]",0.002985702574900495
2024-08-03 09:30:00-04:00,114218.59742736816,50164.64828491211,"[{'asset': GLD, 'quantity': 281.0}]",0.0
2024-08-03 09:29:00-04:00,114218.59742736816,50164.64828491211,"[{'asset': GLD, 'quantity': 281.0}]",0.0
2024-08-05 08:30:00-04:00,112142.00759887695,50164.64828491211,"[{'asset': GLD, 'quantity': 281.0}]",-0.018180838105736008
2024-08-05 09:30:00-04:00,112142.00759887695,50164.64828491211,"[{'asset': GLD, 'quantity': 281.0}]",0.0
2024-08-05 09:30:00-04:00,112142.00759887695,50164.64828491211,"[{'asset': GLD, 'quantity': 281.0}]",0.0
2024-08-06 09:30:00-04:00,112406.14828491211,50164.64828491211,"[{'asset': GLD, 'quantity': 281.0}]",0.0023554124960911693
2024-08-07 09:30:00-04:00,112529.78897094727,50164.64828491211,"[{'asset': GLD, 'quantity': 281.0}]",0.0010999459364249287
2024-08-08 09:30:00-04:00,112751.77708435059,50164.64828491211,"[{'asset': GLD, 'quantity': 281.0}]",0.00197270532037197
2024-08-09 09:30:00-04:00,113339.07034301758,50164.64828491211,"[{'asset': GLD, 'quantity': 281.0}]",0.005208727293297022
2024-08-10 09:30:00-04:00,113339.07034301758,50164.64828491211,"[{'asset': GLD, 'quantity': 281.0}]",0.0
2024-08-10 09:29:00-04:00,113339.07034301758,50164.64828491211,"[{'asset': GLD, 'quantity': 281.0}]",0.0
2024-08-12 08:30:00-04:00,113709.98811340332,50164.64828491211,"[{'asset': GLD, 'quantity': 281.0}]",0.003272638193194677
2024-08-12 09:30:00-04:00,113709.98811340332,50164.64828491211,"[{'asset': GLD, 'quantity': 281.0}]",0.0
2024-08-12 09:30:00-04:00,113709.98811340332,50164.64828491211,"[{'asset': GLD, 'quantity': 281.0}]",0.0
2024-08-13 09:30:00-04:00,114252.32034301758,50164.64828491211,"[{'asset': GLD, 'quantity': 281.0}]",0.004769433526572886
2024-08-14 09:30:00-04:00,113825.19914245605,50164.64828491211,"[{'asset': GLD, 'quantity': 281.0}]",-0.00373840285500715
2024-08-15 09:30:00-04:00,113813.95674133301,50164.64828491211,"[{'asset': GLD, 'quantity': 281.0}]",-9.876900025429514e-05
2024-08-16 09:30:00-04:00,114791.83982849121,50164.64828491211,"[{'asset': GLD, 'quantity': 281.0}]",0.008591943511643718
2024-08-17 09:30:00-04:00,114791.83982849121,50164.64828491211,"[{'asset': GLD, 'quantity': 281.0}]",0.0
2024-08-17 09:29:00-04:00,114791.83982849121,50164.64828491211,"[{'asset': GLD, 'quantity': 281.0}]",0.0
2024-08-19 08:30:00-04:00,114836.79656982422,50164.64828491211,"[{'asset': GLD, 'quantity': 281.0}]",0.00039163708326461766
2024-08-19 09:30:00-04:00,114836.79656982422,50164.64828491211,"[{'asset': GLD, 'quantity': 281.0}]",0.0
2024-08-19 09:30:00-04:00,114836.79656982422,50164.64828491211,"[{'asset': GLD, 'quantity': 281.0}]",0.0
2024-08-20 09:30:00-04:00,115837.16017150879,50164.64828491211,"[{'asset': GLD, 'quantity': 281.0}]",0.008711176483195526
2024-08-21 09:30:00-04:00,115269.53897094727,50164.64828491211,"[{'asset': GLD, 'quantity': 281.0}]",-0.004900165022356351
2024-08-22 09:30:00-04:00,114893.0,50164.64828491211,"[{'asset': GLD, 'quantity': 281.0}]",-0.0032665956184848577
2024-08-23 09:30:00-04:00,115086.88639831543,50164.64828491211,"[{'asset': GLD, 'quantity': 281.0}]",0.0016875388258241752
2024-08-24 09:30:00-04:00,115086.88639831543,50164.64828491211,"[{'asset': GLD, 'quantity': 281.0}]",0.0
2024-08-24 09:29:00-04:00,115086.88639831543,50164.64828491211,"[{'asset': GLD, 'quantity': 281.0}]",0.0
2024-08-26 08:30:00-04:00,115764.09742736816,50164.64828491211,"[{'asset': GLD, 'quantity': 281.0}]",0.005884345734308072
2024-08-26 09:30:00-04:00,115764.09742736816,50164.64828491211,"[{'asset': GLD, 'quantity': 281.0}]",0.0
2024-08-26 09:30:00-04:00,115764.09742736816,50164.64828491211,"[{'asset': GLD, 'quantity': 281.0}]",0.0
2024-08-27 09:30:00-04:00,115269.53897094727,50164.64828491211,"[{'asset': GLD, 'quantity': 281.0}]",-0.004272122941494816
2024-08-28 09:30:00-04:00,115356.64828491211,50164.64828491211,"[{'asset': GLD, 'quantity': 281.0}]",0.0007557010702263778
2024-08-29 09:30:00-04:00,115342.59742736816,50164.64828491211,"[{'asset': GLD, 'quantity': 281.0}]",-0.00012180362166247516
2024-08-30 09:30:00-04:00,115505.57794189453,50164.64828491211,"[{'asset': GLD, 'quantity': 281.0}]",0.001413012348963294
2024-08-31 09:30:00-04:00,115505.57794189453,50164.64828491211,"[{'asset': GLD, 'quantity': 281.0}]",0.0
2024-08-31 09:29:00-04:00,115505.57794189453,50164.64828491211,"[{'asset': GLD, 'quantity': 281.0}]",0.0
2024-09-03 08:30:00-04:00,114901.42965698242,50164.64828491211,"[{'asset': GLD, 'quantity': 281.0}]",-0.005230468481929318
2024-09-03 09:30:00-04:00,114901.42965698242,50164.64828491211,"[{'asset': GLD, 'quantity': 281.0}]",0.0
2024-09-03 09:30:00-04:00,114901.42965698242,50164.64828491211,"[{'asset': GLD, 'quantity': 281.0}]",0.0
2024-09-04 09:30:00-04:00,114735.63639831543,50164.64828491211,"[{'asset': GLD, 'quantity': 281.0}]",-0.0014429172827695735
2024-09-05 09:30:00-04:00,115558.96862792969,50164.64828491211,"[{'asset': GLD, 'quantity': 281.0}]",0.007175906766716977
2024-09-06 09:30:00-04:00,115308.87879943848,50164.64828491211,"[{'asset': GLD, 'quantity': 281.0}]",-0.0021641749788926523
2024-09-07 09:30:00-04:00,115308.87879943848,50164.64828491211,"[{'asset': GLD, 'quantity': 281.0}]",0.0
2024-09-07 09:29:00-04:00,115308.87879943848,50164.64828491211,"[{'asset': GLD, 'quantity': 281.0}]",0.0
2024-09-09 08:30:00-04:00,115148.70674133301,50164.64828491211,"[{'asset': GLD, 'quantity': 281.0}]",-0.001389069599610493
2024-09-09 09:30:00-04:00,115148.70674133301,50164.64828491211,"[{'asset': GLD, 'quantity': 281.0}]",0.0
2024-09-09 09:30:00-04:00,115148.70674133301,50164.64828491211,"[{'asset': GLD, 'quantity': 281.0}]",0.0
2024-09-10 09:30:00-04:00,115466.23811340332,50164.64828491211,"[{'asset': GLD, 'quantity': 281.0}]",0.0027575765378209383
2024-09-11 09:30:00-04:00,115277.96862792969,50164.64828491211,"[{'asset': GLD, 'quantity': 281.0}]",-0.001630515452393344
2024-09-12 09:30:00-04:00,116095.67965698242,50164.64828491211,"[{'asset': GLD, 'quantity': 281.0}]",0.00709338513495128
2024-09-13 09:30:00-04:00,117079.17965698242,50164.64828491211,"[{'asset': GLD, 'quantity': 281.0}]",0.008471460806344089
2024-09-14 09:30:00-04:00,117079.17965698242,50164.64828491211,"[{'asset': GLD, 'quantity': 281.0}]",0.0
2024-09-14 09:29:00-04:00,117079.17965698242,50164.64828491211,"[{'asset': GLD, 'quantity': 281.0}]",0.0
2024-09-16 08:30:00-04:00,117247.77708435059,50164.64828491211,"[{'asset': GLD, 'quantity': 281.0}]",0.0014400291141611898
2024-09-16 09:30:00-04:00,117247.77708435059,50164.64828491211,"[{'asset': GLD, 'quantity': 281.0}]",0.0
2024-09-16 09:30:00-04:00,117247.77708435059,50164.64828491211,"[{'asset': GLD, 'quantity': 281.0}]",0.0
2024-09-17 09:30:00-04:00,117065.12879943848,50164.64828491211,"[{'asset': GLD, 'quantity': 281.0}]",-0.0015577974222974467
2024-09-18 09:30:00-04:00,117096.03897094727,50164.64828491211,"[{'asset': GLD, 'quantity': 281.0}]",0.0002640425191156037
2024-09-19 09:30:00-04:00,117110.08982849121,50164.64828491211,"[{'asset': GLD, 'quantity': 281.0}]",0.0001199943026888306
2024-09-20 09:30:00-04:00,117916.5584564209,50164.64828491211,"[{'asset': GLD, 'quantity': 281.0}]",0.006886414561809051
2024-09-21 09:30:00-04:00,117916.5584564209,50164.64828491211,"[{'asset': GLD, 'quantity': 281.0}]",0.0
2024-09-21 09:29:00-04:00,117916.5584564209,50164.64828491211,"[{'asset': GLD, 'quantity': 281.0}]",0.0
2024-09-23 08:30:00-04:00,118439.21862792969,50164.64828491211,"[{'asset': GLD, 'quantity': 281.0}]",0.004432457818907221
2024-09-23 09:30:00-04:00,118439.21862792969,50164.64828491211,"[{'asset': GLD, 'quantity': 281.0}]",0.0
2024-09-23 09:30:00-04:00,118439.21862792969,50164.64828491211,"[{'asset': GLD, 'quantity': 281.0}]",0.0
2024-09-24 09:30:00-04:00,118557.23811340332,50164.64828491211,"[{'asset': GLD, 'quantity': 281.0}]",0.0009964561303328345
2024-09-25 09:30:00-04:00,119344.03897094727,50164.64828491211,"[{'asset': GLD, 'quantity': 281.0}]",0.006636464125381769
2024-09-26 09:30:00-04:00,119414.28897094727,50164.64828491211,"[{'asset': GLD, 'quantity': 281.0}]",0.000588634343246186
2024-09-27 09:30:00-04:00,119377.75759887695,50164.64828491211,"[{'asset': GLD, 'quantity': 281.0}]",-0.0003059212794810362
2024-09-28 09:30:00-04:00,119377.75759887695,50164.64828491211,"[{'asset': GLD, 'quantity': 281.0}]",0.0
2024-09-28 09:29:00-04:00,119377.75759887695,50164.64828491211,"[{'asset': GLD, 'quantity': 281.0}]",0.0
2024-09-30 08:30:00-04:00,118720.21862792969,50164.64828491211,"[{'asset': GLD, 'quantity': 281.0}]",-0.005508052623644288
2024-09-30 09:30:00-04:00,118720.21862792969,50164.64828491211,"[{'asset': GLD, 'quantity': 281.0}]",0.0
2024-09-30 09:30:00-04:00,118720.21862792969,50164.64828491211,"[{'asset': GLD, 'quantity': 281.0}]",0.0
2024-10-01 09:30:00-04:00,119065.84742736816,50164.64828491211,"[{'asset': GLD, 'quantity': 281.0}]",0.0029112884345476875
2024-10-02 09:30:00-04:00,119181.0584564209,50164.64828491211,"[{'asset': GLD, 'quantity': 281.0}]",0.0009676244829401881
2024-10-03 09:30:00-04:00,118930.96862792969,50164.64828491211,"[{'asset': GLD, 'quantity': 281.0}]",-0.0020984024788021083
2024-10-04 09:30:00-04:00,119009.64828491211,50164.64828491211,"[{'asset': GLD, 'quantity': 281.0}]",0.0006615573545740716
2024-10-05 09:30:00-04:00,119009.64828491211,50164.64828491211,"[{'asset': GLD, 'quantity': 281.0}]",0.0
2024-10-05 09:29:00-04:00,119009.64828491211,50164.64828491211,"[{'asset': GLD, 'quantity': 281.0}]",0.0
2024-10-07 08:30:00-04:00,118891.62879943848,50164.64828491211,"[{'asset': GLD, 'quantity': 281.0}]",-0.000991679978677773
2024-10-07 09:30:00-04:00,118891.62879943848,50164.64828491211,"[{'asset': GLD, 'quantity': 281.0}]",0.0
2024-10-07 09:30:00-04:00,118891.62879943848,50164.64828491211,"[{'asset': GLD, 'quantity': 281.0}]",0.0
2024-10-08 09:30:00-04:00,118669.63639831543,50164.64828491211,"[{'asset': GLD, 'quantity': 281.0}]",-0.0018671827727883006
2024-10-09 09:30:00-04:00,117930.60931396484,50164.64828491211,"[{'asset': GLD, 'quantity': 281.0}]",-0.00622760047793558
2024-10-10 09:30:00-04:00,118102.01948547363,50164.64828491211,"[{'asset': GLD, 'quantity': 281.0}]",0.0014534833026467187
2024-10-11 09:30:00-04:00,118869.14828491211,50164.64828491211,"[{'asset': GLD, 'quantity': 281.0}]",0.006495475714814791
2024-10-12 09:30:00-04:00,118869.14828491211,50164.64828491211,"[{'asset': GLD, 'quantity': 281.0}]",0.0
2024-10-12 09:29:00-04:00,118869.14828491211,50164.64828491211,"[{'asset': GLD, 'quantity': 281.0}]",0.0
2024-10-14 08:30:00-04:00,119054.60931396484,50164.64828491211,"[{'asset': GLD, 'quantity': 281.0}]",0.0015602116422017698
2024-10-14 09:30:00-04:00,119054.60931396484,50164.64828491211,"[{'asset': GLD, 'quantity': 281.0}]",0.0
2024-10-14 09:30:00-04:00,119054.60931396484,50164.64828491211,"[{'asset': GLD, 'quantity': 281.0}]",0.0
2024-10-15 09:30:00-04:00,119006.83982849121,50164.64828491211,"[{'asset': GLD, 'quantity': 281.0}]",-0.00040124011786601965
2024-10-16 09:30:00-04:00,119745.8669128418,50164.64828491211,"[{'asset': GLD, 'quantity': 281.0}]",0.0062099547002143485
2024-10-17 09:30:00-04:00,119782.39828491211,50164.64828491211,"[{'asset': GLD, 'quantity': 281.0}]",0.00030507417927760905
2024-10-18 09:30:00-04:00,120414.64828491211,50164.64828491211,"[{'asset': GLD, 'quantity': 281.0}]",0.005278321431635868
2024-10-19 09:30:00-04:00,120414.64828491211,50164.64828491211,"[{'asset': GLD, 'quantity': 281.0}]",0.0
2024-10-19 09:29:00-04:00,120414.64828491211,50164.64828491211,"[{'asset': GLD, 'quantity': 281.0}]",0.0
2024-10-21 08:30:00-04:00,121184.58982849121,50164.64828491211,"[{'asset': GLD, 'quantity': 281.0}]",0.0063940853919810525
2024-10-21 09:30:00-04:00,121184.58982849121,50164.64828491211,"[{'asset': GLD, 'quantity': 281.0}]",0.0
2024-10-21 09:30:00-04:00,121184.58982849121,50164.64828491211,"[{'asset': GLD, 'quantity': 281.0}]",0.0
2024-10-22 09:30:00-04:00,121274.50759887695,50164.64828491211,"[{'asset': GLD, 'quantity': 281.0}]",0.0007419901368070914
2024-10-23 09:30:00-04:00,121280.12879943848,50164.64828491211,"[{'asset': GLD, 'quantity': 281.0}]",4.635104831862691e-05
2024-10-24 09:30:00-04:00,121333.51948547363,50164.64828491211,"[{'asset': GLD, 'quantity': 281.0}]",0.0004402261653551065
2024-10-25 09:30:00-04:00,120976.64828491211,50164.64828491211,"[{'asset': GLD, 'quantity': 281.0}]",-0.002941241645959547
2024-10-26 09:30:00-04:00,120976.64828491211,50164.64828491211,"[{'asset': GLD, 'quantity': 281.0}]",0.0
2024-10-26 09:29:00-04:00,120976.64828491211,50164.64828491211,"[{'asset': GLD, 'quantity': 281.0}]",0.0
2024-10-28 08:30:00-04:00,121260.45674133301,50164.64828491211,"[{'asset': GLD, 'quantity': 281.0}]",0.002345977181914538
2024-10-28 09:30:00-04:00,121260.45674133301,50164.64828491211,"[{'asset': GLD, 'quantity': 281.0}]",0.0
2024-10-28 09:30:00-04:00,121260.45674133301,50164.64828491211,"[{'asset': GLD, 'quantity': 281.0}]",0.0
2024-10-29 09:30:00-04:00,121676.33982849121,50164.64828491211,"[{'asset': GLD, 'quantity': 281.0}]",0.0034296678268772585
2024-10-30 09:30:00-04:00,122314.21102905273,50164.64828491211,"[{'asset': GLD, 'quantity': 281.0}]",0.005242360194764428
2024-10-31 09:30:00-04:00,121965.76948547363,50164.64828491211,"[{'asset': GLD, 'quantity': 281.0}]",-0.0028487412921818223
2024-11-01 09:30:00-04:00,121631.37879943848,50164.64828491211,"[{'asset': GLD, 'quantity': 281.0}]",-0.0027416765166637935
2024-11-02 09:30:00-04:00,121631.37879943848,50164.64828491211,"[{'asset': GLD, 'quantity': 281.0}]",0.0
2024-11-02 09:29:00-04:00,121631.37879943848,50164.64828491211,"[{'asset': GLD, 'quantity': 281.0}]",0.0
2024-11-04 08:30:00-05:00,121347.57034301758,50164.64828491211,"[{'asset': GLD, 'quantity': 281.0}]",-0.002333349002718088
2024-11-04 09:30:00-05:00,121347.57034301758,50164.64828491211,"[{'asset': GLD, 'quantity': 281.0}]",0.0
2024-11-04 09:30:00-05:00,121347.57034301758,50164.64828491211,"[{'asset': GLD, 'quantity': 281.0}]",0.0
2024-11-05 09:30:00-05:00,121476.82794189453,50164.64828491211,"[{'asset': GLD, 'quantity': 281.0}]",0.0010651848941976017
2024-11-06 09:30:00-05:00,119189.48811340332,50164.64828491211,"[{'asset': GLD, 'quantity': 281.0}]",-0.018829433293939046
2024-11-07 09:30:00-05:00,119934.13639831543,50164.64828491211,"[{'asset': GLD, 'quantity': 281.0}]",0.00624760032699867
2024-11-08 09:30:00-05:00,120153.32034301758,50164.64828491211,"[{'asset': GLD, 'quantity': 281.0}]",0.0018275359400112823
2024-11-09 09:30:00-05:00,120153.32034301758,50164.64828491211,"[{'asset': GLD, 'quantity': 281.0}]",0.0
2024-11-09 09:29:00-05:00,120153.32034301758,50164.64828491211,"[{'asset': GLD, 'quantity': 281.0}]",0.0
2024-11-11 08:30:00-05:00,118371.77708435059,50164.64828491211,"[{'asset': GLD, 'quantity': 281.0}]",-0.01482724949740033
2024-11-11 09:30:00-05:00,118371.77708435059,50164.64828491211,"[{'asset': GLD, 'quantity': 281.0}]",0.0
2024-11-11 09:30:00-05:00,118371.77708435059,50164.64828491211,"[{'asset': GLD, 'quantity': 281.0}]",0.0
2024-11-12 09:30:00-05:00,117967.13639831543,50164.64828491211,"[{'asset': GLD, 'quantity': 281.0}]",-0.0034183882003123722
2024-11-13 09:30:00-05:00,117972.75759887695,50164.64828491211,"[{'asset': GLD, 'quantity': 281.0}]",4.765056381916821e-05
2024-11-14 09:30:00-05:00,116640.82034301758,50164.64828491211,"[{'asset': GLD, 'quantity': 281.0}]",-0.011290210409322987
2024-11-15 09:30:00-05:00,116921.82034301758,50164.64828491211,"[{'asset': GLD, 'quantity': 281.0}]",0.0024091051415244813
2024-11-16 09:30:00-05:00,116921.82034301758,50164.64828491211,"[{'asset': GLD, 'quantity': 281.0}]",0.0
2024-11-16 09:29:00-05:00,116921.82034301758,50164.64828491211,"[{'asset': GLD, 'quantity': 281.0}]",0.0
2024-11-18 08:30:00-05:00,117733.91017150879,50164.64828491211,"[{'asset': GLD, 'quantity': 281.0}]",0.006945579756701958
2024-11-18 09:30:00-05:00,117733.91017150879,50164.64828491211,"[{'asset': GLD, 'quantity': 281.0}]",0.0
2024-11-18 09:30:00-05:00,117733.91017150879,50164.64828491211,"[{'asset': GLD, 'quantity': 281.0}]",0.0
2024-11-19 09:30:00-05:00,118377.39828491211,50164.64828491211,"[{'asset': GLD, 'quantity': 281.0}]",0.005465614048373313
2024-11-20 09:30:00-05:00,118655.58982849121,50164.64828491211,"[{'asset': GLD, 'quantity': 281.0}]",0.0023500393454294333
2024-11-21 09:30:00-05:00,119355.27708435059,50164.64828491211,"[{'asset': GLD, 'quantity': 281.0}]",0.005896791351092112
2024-11-22 09:30:00-05:00,119908.84742736816,50164.64828491211,"[{'asset': GLD, 'quantity': 281.0}]",0.004638004758066527
2024-11-23 09:30:00-05:00,119908.84742736816,50164.64828491211,"[{'asset': GLD, 'quantity': 281.0}]",0.0
2024-11-23 09:29:00-05:00,119908.84742736816,50164.64828491211,"[{'asset': GLD, 'quantity': 281.0}]",0.0
2024-11-25 08:30:00-05:00,118804.51948547363,50164.64828491211,"[{'asset': GLD, 'quantity': 281.0}]",-0.009209728602916023
2024-11-25 09:30:00-05:00,118804.51948547363,50164.64828491211,"[{'asset': GLD, 'quantity': 281.0}]",0.0
2024-11-25 09:30:00-05:00,118804.51948547363,50164.64828491211,"[{'asset': GLD, 'quantity': 281.0}]",0.0
2024-11-26 09:30:00-05:00,118366.16017150879,50164.64828491211,"[{'asset': GLD, 'quantity': 281.0}]",-0.0036897528466367513
2024-11-27 09:30:00-05:00,118967.5,50164.64828491211,"[{'asset': GLD, 'quantity': 281.0}]",0.005080335694086058
2024-11-28 09:30:00-05:00,118967.5,50164.64828491211,"[{'asset': GLD, 'quantity': 281.0}]",0.0
2024-11-28 09:29:00-05:00,118967.5,50164.64828491211,"[{'asset': GLD, 'quantity': 281.0}]",0.0
2024-11-29 08:30:00-05:00,119079.89828491211,50164.64828491211,"[{'asset': GLD, 'quantity': 281.0}]",0.0009447814311649427
2024-11-29 09:30:00-05:00,119079.89828491211,50164.64828491211,"[{'asset': GLD, 'quantity': 281.0}]",0.0
2024-11-29 09:30:00-05:00,119079.89828491211,50164.64828491211,"[{'asset': GLD, 'quantity': 281.0}]",0.0
2024-11-30 09:30:00-05:00,119079.89828491211,50164.64828491211,"[{'asset': GLD, 'quantity': 281.0}]",0.0
2024-11-30 09:29:00-05:00,119079.89828491211,50164.64828491211,"[{'asset': GLD, 'quantity': 281.0}]",0.0
2024-12-02 08:30:00-05:00,118857.91017150879,50164.64828491211,"[{'asset': GLD, 'quantity': 281.0}]",-0.0018641946844142332
2024-12-02 09:30:00-05:00,118857.91017150879,50164.64828491211,"[{'asset': GLD, 'quantity': 281.0}]",0.0
2024-12-02 09:30:00-05:00,118857.91017150879,50164.64828491211,"[{'asset': GLD, 'quantity': 281.0}]",0.0
2024-12-03 09:30:00-05:00,118998.41017150879,50164.64828491211,"[{'asset': GLD, 'quantity': 281.0}]",0.0011820837148934782
2024-12-04 09:30:00-05:00,118989.97622680664,50164.64828491211,"[{'asset': GLD, 'quantity': 281.0}]",-7.08744317675647e-05
2024-12-05 09:30:00-05:00,118773.60931396484,50164.64828491211,"[{'asset': GLD, 'quantity': 281.0}]",-0.0018183625184475805
2024-12-06 09:30:00-05:00,118388.63639831543,50164.64828491211,"[{'asset': GLD, 'quantity': 281.0}]",-0.0032412327778285066
2024-12-07 09:30:00-05:00,118388.63639831543,50164.64828491211,"[{'asset': GLD, 'quantity': 281.0}]",0.0
2024-12-07 09:29:00-05:00,118388.63639831543,50164.64828491211,"[{'asset': GLD, 'quantity': 281.0}]",0.0
2024-12-09 08:30:00-05:00,119369.32794189453,50164.64828491211,"[{'asset': GLD, 'quantity': 281.0}]",0.008283662802564873
2024-12-09 09:30:00-05:00,119369.32794189453,50164.64828491211,"[{'asset': GLD, 'quantity': 281.0}]",0.0
2024-12-09 09:30:00-05:00,119369.32794189453,50164.64828491211,"[{'asset': GLD, 'quantity': 281.0}]",0.0
2024-12-10 09:30:00-05:00,119813.3084564209,50164.64828491211,"[{'asset': GLD, 'quantity': 281.0}]",0.0037193852238364133
2024-12-11 09:30:00-05:00,120232.0,50164.64828491211,"[{'asset': GLD, 'quantity': 281.0}]",0.0034945328609417015
2024-12-12 09:30:00-05:00,119799.25759887695,50164.64828491211,"[{'asset': GLD, 'quantity': 281.0}]",-0.003599228168233437
2024-12-13 09:30:00-05:00,119197.91777038574,50164.64828491211,"[{'asset': GLD, 'quantity': 281.0}]",-0.0050195622288802255
2024-12-14 09:30:00-05:00,119197.91777038574,50164.64828491211,"[{'asset': GLD, 'quantity': 281.0}]",0.0
2024-12-14 09:29:00-05:00,119197.91777038574,50164.64828491211,"[{'asset': GLD, 'quantity': 281.0}]",0.0
2024-12-16 08:30:00-05:00,119124.85931396484,50164.64828491211,"[{'asset': GLD, 'quantity': 281.0}]",-0.0006129172202624655
2024-12-16 09:30:00-05:00,119124.85931396484,50164.64828491211,"[{'asset': GLD, 'quantity': 281.0}]",0.0
2024-12-16 09:30:00-05:00,119124.85931396484,50164.64828491211,"[{'asset': GLD, 'quantity': 281.0}]",0.0
2024-12-17 09:30:00-05:00,118672.44914245605,50164.64828491211,"[{'asset': GLD, 'quantity': 281.0}]",-0.0037977813708590658
2024-12-18 09:30:00-05:00,118607.82034301758,50164.64828491211,"[{'asset': GLD, 'quantity': 281.0}]",-0.0005445981767924213
2024-12-19 09:30:00-05:00,117511.91777038574,50164.64828491211,"[{'asset': GLD, 'quantity': 281.0}]",-0.009239715977095386
2024-12-20 09:30:00-05:00,118000.85931396484,50164.64828491211,"[{'asset': GLD, 'quantity': 281.0}]",0.004160782607041336
2024-12-21 09:30:00-05:00,118000.85931396484,50164.64828491211,"[{'asset': GLD, 'quantity': 281.0}]",0.0
2024-12-21 09:29:00-05:00,118000.85931396484,50164.64828491211,"[{'asset': GLD, 'quantity': 281.0}]",0.0
2024-12-23 08:30:00-05:00,118054.25,50164.64828491211,"[{'asset': GLD, 'quantity': 281.0}]",0.0004524601460156319
2024-12-23 09:30:00-05:00,118054.25,50164.64828491211,"[{'asset': GLD, 'quantity': 281.0}]",0.0
2024-12-23 09:30:00-05:00,118054.25,50164.64828491211,"[{'asset': GLD, 'quantity': 281.0}]",0.0
2024-12-24 09:30:00-05:00,118023.33982849121,50164.64828491211,"[{'asset': GLD, 'quantity': 281.0}]",-0.00026183023066761457
2024-12-25 09:30:00-05:00,118023.33982849121,50164.64828491211,"[{'asset': GLD, 'quantity': 281.0}]",0.0
2024-12-25 09:29:00-05:00,118023.33982849121,50164.64828491211,"[{'asset': GLD, 'quantity': 281.0}]",0.0
2024-12-26 08:30:00-05:00,118276.23811340332,50164.64828491211,"[{'asset': GLD, 'quantity': 281.0}]",0.0021427819724437747
2024-12-26 09:30:00-05:00,118276.23811340332,50164.64828491211,"[{'asset': GLD, 'quantity': 281.0}]",0.0
2024-12-26 09:30:00-05:00,118276.23811340332,50164.64828491211,"[{'asset': GLD, 'quantity': 281.0}]",0.0
2024-12-27 09:30:00-05:00,117941.84742736816,50164.64828491211,"[{'asset': GLD, 'quantity': 281.0}]",-0.0028272008931713444
2024-12-28 09:30:00-05:00,117941.84742736816,50164.64828491211,"[{'asset': GLD, 'quantity': 281.0}]",0.0
2024-12-28 09:29:00-05:00,117941.84742736816,50164.64828491211,"[{'asset': GLD, 'quantity': 281.0}]",0.0
